epoch,loss,test_loss(cost),wight,n_grad
0, 1897.149415247954, 1980.6083667210169, [ 0.17351631  0.40744459 -0.51870224], [ 7.03710992 67.95942632  7.64382884]
1, 1835.8818275289136, 1921.310326609985, [ 0.060011    1.15462826 -0.43915665], [-11.35053166  74.71836646   7.95455897]
2, 3627.1205365420865, 1821.7036949087644, [ 0.0136822   2.44103796 -0.34242271], [ -4.63287958 128.64097039   9.67339442]
3, 2803.6855305463027, 1745.4867479664763, [-0.75007531  3.48962459 -0.02731988], [-76.37575107 104.85866293  31.51028339]
4, 1490.0859153740416, 1697.6303758675076, [-1.02162645  4.13621004 -0.0475344 ], [-27.1551144   64.65854521  -2.02145209]
5, 1320.6447772745848, 1660.3562221658794, [-1.03064442  4.64321978 -0.08339223], [-0.90179698 50.70097328 -3.58578372]
6, 1864.4761064480786, 1606.0541325091122, [-0.79946691  5.39749488 -0.09989197], [23.11775136 75.42750979 -1.64997325]
7, 1301.0684342127947, 1569.16747702935, [-0.67660855  5.8765855  -0.41396564], [ 12.28583569  47.90906264 -31.40736781]
8, 1699.1252271317608, 1515.912457017488, [-0.4931079   6.59316654 -0.82753085], [ 18.35006529  71.65810408 -41.35652068]
9, 2012.7164985432005, 1463.8690278353458, [-0.5212424   7.40665075 -0.53528476], [-2.81345031 81.34842098 29.22460936]
10, 1022.5570390780701, 1425.9589727707703, [-0.433448    7.93602008 -0.88144297], [  8.77943973  52.93693297 -34.61582103]
11, 2081.304822703308, 1360.981119192031, [-0.92716585  8.88588898 -1.48340591], [-49.37178502  94.98688952 -60.19629416]
12, 942.4505422345026, 1322.4296268123248, [-0.76387746  9.52467869 -1.26281015], [16.32883928 63.87897084 22.05957612]
13, 888.6201698537507, 1304.1226718032406, [-1.06926375  9.87634264 -0.88531134], [-30.53862902  35.16639528  37.7498812 ]
14, 824.6618534503881, 1286.5157412922285, [-0.73707111 10.14220286 -1.00455173], [ 33.21926406  26.58602176 -11.92403946]
15, 816.6931081629695, 1273.662955848251, [-0.82504153 10.35723682 -1.00509626], [-8.7970418  21.50339593 -0.05445291]
16, 1053.0885105404022, 1245.5450102676973, [-0.78884252 10.82366403 -1.04140867], [ 3.6199005  46.64272136 -3.63124056]
17, 877.8557977828028, 1222.906200212637, [-0.66450042 11.19117237 -1.16744018], [ 12.4342105   36.750834   -12.60315147]
18, 1074.8275086687097, 1183.5633677212081, [-0.24588182 11.83864317 -1.41678822], [ 41.86185993  64.74708044 -24.93480431]
19, 1133.0038639062593, 1152.1255023596186, [-0.22691263 12.3759706  -1.60646589], [  1.89691928  53.73274224 -18.96776673]
20, 881.2952978507899, 1134.498687450254, [-0.49763825 12.70910005 -1.50246878], [-27.07256195  33.31294518  10.39971138]
21, 2152.3045189847307, 1066.826961025082, [-0.39098453 13.9791909  -1.37259487], [ 10.66537143 127.00908549  12.98739076]
22, 502.63877983875625, 1059.6356186765818, [-0.33266209 14.14426526 -1.12170842], [ 5.83224405 16.50743587 25.08864488]
23, 1214.5374525569391, 1035.8145286670863, [ 0.02979279 14.61743347 -0.9816243 ], [36.24548867 47.31682049 14.00841226]
24, 982.1935306967501, 1013.6204340988616, [-0.05490144 15.07917429 -0.79177224], [-8.46942344 46.17408226 18.98520632]
25, 1269.3108019966955, 972.3148685272994, [ 0.12042955 15.85095973 -1.2885113 ], [ 17.53309917  77.17854413 -49.67390642]
26, 1227.257816780607, 942.7374783979008, [ 0.20922351 16.48092873 -1.16467837], [ 8.87939563 62.99689976 12.38329266]
27, 453.3544743570246, 936.7578284382435, [ 0.22052344 16.63240593 -0.96096352], [ 1.12999337 15.14772069 20.37148503]
28, 1226.817962839866, 914.4294166103891, [ 5.19459763e-03  1.71034267e+01 -1.03950943e+00], [-21.53288442  47.10208103  -7.85459076]
29, 1171.8171728140921, 884.7409125996911, [-0.1212038  17.75341299 -1.09000348], [-12.63983955  64.99862431  -5.04940456]
30, 1180.4312183132408, 853.1188924818443, [-1.06761428e-03  1.84750470e+01 -1.05174194e+00], [12.01361836 72.16340273  3.82615403]
31, 1044.0456211240594, 825.936008206472, [-0.43917071 19.12793875 -1.04468759], [-43.81030966  65.28917301   0.70543439]
32, 567.5309069356068, 811.1790453642835, [-0.51528918 19.4919455  -1.0074157 ], [-7.61184689 36.4006755   3.72718888]
33, 542.7143134976275, 796.9926234470945, [-0.49235709 19.85781734 -0.86289681], [ 2.29320912 36.58718355 14.45188963]
34, 284.08343137028174, 791.5370980770233, [-0.42665457 19.99614982 -0.82067373], [ 6.57025189 13.83324804  4.22230731]
35, 525.926636055183, 781.4257920126242, [-0.43317443 20.2332078  -0.9549334 ], [ -0.65198569  23.70579806 -13.42596698]
36, 1314.700051125519, 754.1485002998356, [-0.15078621 20.9511     -0.75310286], [28.23882178 71.78922069 20.18305451]
37, 1424.9030476658631, 725.6031037181456, [-0.05928511 21.73487577 -0.59773595], [ 9.15010976 78.37757692 15.53669104]
38, 940.4263404468666, 709.4993316227542, [-0.11266341 22.19331156 -0.53068142], [-5.33782984 45.84357909  6.70545241]
39, 743.605871822059, 690.6332362750409, [-0.25292757 22.74820258 -0.46551469], [-14.02641603  55.48910211   6.51667328]
40, 750.1773151692388, 681.1559714851637, [-0.33871837 23.03757014 -0.41913365], [-8.57907988 28.93675565  4.63810406]
41, 544.8590505582936, 669.4368697440674, [-0.45509978 23.40369061 -0.36388476], [-11.63814153  36.61204705   5.52488933]
42, 808.1490983060548, 660.7641946504372, [-0.2598634  23.68037726 -0.2201821 ], [19.52363855 27.66866481 14.37026544]
43, 379.7580581117048, 653.9681137257712, [-0.4338331  23.89100697 -0.28037376], [-17.39697007  21.06297105  -6.01916574]
44, 633.7059051348452, 641.4535234670525, [-0.3871972  24.25490299 -0.45393785], [  4.66358942  36.38960237 -17.35640878]
45, 426.75828338908025, 635.4873549578407, [-0.33952886 24.45724221 -0.36997147], [ 4.76683462 20.23392115  8.39663816]
46, 328.70517606698337, 629.7952967159496, [-0.49699028 24.66977856 -0.27549954], [-15.74614259  21.25363585   9.4471929 ]
47, 360.5136172506792, 622.3659711411614, [-0.33153661 24.9001296  -0.29722704], [16.54536783 23.03510318 -2.17275035]
48, 320.88126369645227, 620.7992114272062, [-0.35936683 24.95090374 -0.31814174], [-2.78302225  5.07741427 -2.09146981]
49, 634.3953279846859, 611.5360019801427, [-0.31016119 25.21522559 -0.60615211], [  4.92056383  26.4321854  -28.80103682]
50, 163.45405420915452, 607.2205541233824, [-0.34686112 25.37837615 -0.52706376], [-3.66999327 16.31505536  7.90883476]
51, 528.4330169795842, 603.5008127797182, [-0.36894052 25.51395699 -0.49747953], [-2.20793968 13.558084    2.95842326]
52, 325.57908800854807, 600.9687207947804, [-0.29108353 25.59260088 -0.52462946], [ 7.78569886  7.86438988 -2.71499375]
53, 472.4435561416124, 598.9739202094831, [-0.41752357 25.67708369 -0.49613145], [-12.64400363   8.44828016   2.84980187]
54, 185.1630406418876, 596.4857431865872, [-0.37925827 25.77279569 -0.43028945], [3.82652998 9.57119991 6.58419921]
55, 339.96379654772284, 593.7611546034076, [-0.49105864 25.90954757 -0.2525756 ], [-11.18003734  13.67518816  17.77138559]
56, 661.5078925157252, 581.9157536895659, [-0.5101514  26.35762899 -0.17433143], [-1.90927569 44.80814199  7.82441661]
57, 629.6012696985933, 575.3684805965835, [-0.44722272 26.64549605  0.0763265 ], [ 6.29286778 28.78670648 25.06579289]
58, 837.4516935009066, 558.6683610214161, [-2.98584845e-01  2.72680598e+01  1.49413150e-02], [14.86378757 62.25637203 -6.13851827]
59, 362.5609473012154, 555.0156991740602, [-0.26459614 27.38746092 -0.10578468], [  3.39887038  11.94011483 -12.07259992]
60, 455.7693923937375, 550.5307157770666, [-0.50727758 27.59783359 -0.08320112], [-24.26814438  21.03726679   2.25835646]
61, 556.6109217100941, 542.8540598807358, [-0.6269004  27.96132219  0.06419358], [-11.96228158  36.34886015  14.73947004]
62, 438.38704868556414, 533.7047571397254, [-0.58558244 28.31597669 -0.100668  ], [  4.13179616  35.46545032 -16.48615814]
63, 576.0672080090783, 527.6942147953281, [-0.63480916 28.57700142 -0.15954724], [-4.92267169 26.10247226 -5.88792422]
64, 692.2016962543373, 522.8653522881683, [-7.33752975e-01  2.88394568e+01 -1.45537058e-02], [-9.89438193 26.24553458 14.4993537 ]
65, 224.04655859408982, 518.1298584916146, [-0.52947461 29.0060995  -0.13105476], [ 20.42783668  16.66427414 -11.65010575]
66, 861.1348286382483, 506.8757211961724, [-0.40049456 29.52176195 -0.16185096], [12.89800505 51.56624473 -3.07961991]
67, 469.83866351767773, 504.783720880136, [-0.61031717 29.71364004  0.1085694 ], [-20.98226169  19.18780935  27.04203654]
68, 257.7430699187606, 504.10349422396143, [-0.69672537 29.7735982   0.16109868], [-8.64081947  5.99581583  5.25292786]
69, 543.2014340360664, 502.5021318297575, [-0.46439254 29.80856874  0.11607198], [23.23328265  3.49705334 -4.50267036]
70, 493.5543512858816, 493.5920712592253, [-0.38314413 30.30287176  0.29933137], [ 8.12484099 49.43030297 18.32593954]
71, 279.6504307935208, 492.7060735193008, [-0.38955468 30.34722893  0.28491374], [-0.64105465  4.43571694 -1.44176297]
72, 705.7581396701243, 491.08134453649023, [-0.22203519 30.39161995  0.20622335], [16.75194937  4.43910163 -7.86903918]
73, 324.6830689879556, 489.41242734370894, [-0.18072856 30.49819604  0.29179485], [ 4.13066286 10.65760865  8.55715026]
74, 394.0893444910055, 489.36890485890603, [-0.3465856  30.47409248  0.09694492], [-16.5857038   -2.41035592 -19.48499313]
75, 759.3523600518874, 482.0397015849765, [-1.25730952e-01  3.08225668e+01 -1.94044560e-02], [ 22.08546433  34.84742726 -11.63493791]
76, 392.4473133245624, 478.86149121789776, [-2.67737340e-02  3.10090635e+01  5.36209933e-02], [ 9.89572177 18.64967607  7.30254493]
77, 724.3856573212357, 474.552569266333, [-1.37044563e-02  3.12888624e+01  1.68659573e-01], [ 1.30692777 27.97988781 11.50385795]
78, 974.5260268006826, 470.2325748466943, [ 0.14781704 31.50261142  0.05769064], [ 16.15214948  21.37490265 -11.09689281]
79, 307.86673682203923, 467.8383021105121, [ 0.18477802 31.65185037  0.07845933], [ 3.69609845 14.92389494  2.07686847]
80, 327.38080285313714, 467.80886615339404, [ 0.05550637 31.66310314  0.05665513], [-12.92716539   1.12527718  -2.18041948]
81, 145.757280451427, 466.1607290464544, [ 0.12907069 31.76617428  0.08860046], [ 7.35643257 10.30711434  3.19453292]
82, 642.418504906439, 460.5618798813534, [4.35950233e-03 3.21449652e+01 8.37641221e-02], [-12.47111925  37.87909579  -0.48363418]
83, 776.0451370170664, 452.16602376968336, [ 0.19190077 32.74500449  0.23321683], [18.75412671 60.00392545 14.94527031]
84, 385.5295636483453, 447.9359421874753, [ 0.1108332  33.03600386  0.11557715], [ -8.10675729  29.09993678 -11.76396756]
85, 499.4001601315005, 445.60892290315246, [ 0.19660239 33.2465586   0.25918895], [ 8.5769191  21.0554738  14.36117997]
86, 354.1094505742377, 446.032964219047, [ 0.19903579 33.17828051  0.14631554], [  0.24333986  -6.82780893 -11.28734055]
87, 1061.1382043179258, 444.3986822651745, [ 0.0399753  33.34690101  0.19374244], [-15.90604883  16.86204988   4.74268955]
88, 584.8034829445253, 441.52225719827965, [ 0.23145692 33.64179295  0.46455858], [19.14816182 29.48919435 27.08161405]
89, 382.4887908196952, 441.6581373233143, [ 0.11453829 33.70144084  0.60331805], [-11.691863     5.96478935  13.87594659]
90, 504.0318420077557, 441.20763739955515, [ 0.12110785 33.70056673  0.50418793], [ 0.65695614 -0.08741173 -9.91301131]
91, 195.34899463958195, 441.56582862724, [ 0.03877858 33.68061165  0.49230397], [-8.23292682 -1.99550769 -1.18839578]
92, 128.58078638569268, 441.5239623666662, [1.10455524e-02 3.36820512e+01 4.72558851e-01], [-2.77330268  0.14395579 -1.97451235]
93, 346.2131589330205, 440.6113255952643, [3.25506375e-02 3.37090712e+01 3.43247035e-01], [  2.15050851   2.70200291 -12.93118163]
94, 227.72900252596847, 439.8338296246253, [-8.28578525e-03  3.37703321e+01  3.05515507e-01], [-4.08364227  6.12609081 -3.7731528 ]
95, 200.07775468546387, 440.2035914600271, [-0.22789778 33.73653416  0.15418338], [-21.96119959  -3.37979834 -15.13321296]
96, 440.2703683507898, 440.3985461637328, [-4.53394293e-01  3.37339773e+01  1.02669221e-02], [-22.54965123  -0.25568904 -14.39164555]
97, 216.67608785452248, 439.61654769009425, [-0.2356084  33.69662287 -0.16575898], [ 21.7785896   -3.73544061 -17.60259046]
98, 1275.3849976792826, 435.8111996609904, [-0.45153259 34.11087384 -0.10400771], [-21.592419    41.42509743   6.17512707]
99, 696.5684268240285, 433.0794094888118, [-6.71639539e-01  3.44841469e+01  1.92226305e-02], [-22.01069514  37.32730466  12.32303422]
100, 416.1549722220608, 431.47313895131026, [-0.63420155 34.66705173  0.12103436], [ 3.74379857 18.29048461 10.18117263]
101, 381.05453411941164, 431.77225409938995, [-0.67468494 34.67026198  0.17477928], [-4.04833835  0.32102457  5.37449244]
102, 241.42164316810917, 430.0635017977374, [-0.67795081 34.83618496  0.13065185], [-0.32658743 16.59229858 -4.41274327]
103, 522.91519251146, 430.0890730079126, [-0.82559431 34.9439076   0.26076372], [-14.76434997  10.77226375  13.01118691]
104, 255.35671416304567, 429.39529745322466, [-0.80881725 35.03117645  0.30595057], [1.67770578 8.72688479 4.5186851 ]
105, 108.69311478178557, 428.1186010354709, [-0.83377123 35.14883101  0.20658545], [-2.49539736 11.76545645 -9.93651227]
106, 455.4317120611587, 428.04237722685264, [-0.84181047 35.17105858  0.23119834], [-0.80392396  2.22275677  2.46128902]
107, 260.3576625855479, 428.6011451182079, [-0.83713784 35.14662159  0.33612579], [ 0.46726297 -2.44369939 10.49274538]
108, 342.9474129973563, 427.35444294331506, [-0.89484849 35.4069909   0.52586691], [-5.77106555 26.0369312  18.97411229]
109, 226.41644716737332, 426.8404302682234, [-0.79476838 35.43854989  0.56474245], [10.00801153  3.15589886  3.8875539 ]
110, 347.4380549897607, 425.5794507581115, [-0.74557007 35.67136979  0.7527121 ], [ 4.91983092 23.28199032 18.79696451]
111, 311.98603729489724, 424.0746247775597, [-0.64442829 35.75438434  0.6364718 ], [ 10.11417805   8.30145515 -11.62402995]
112, 592.9584248878701, 423.7547062972459, [-0.95049404 36.04237808  0.76308861], [-30.60657561  28.79937382  12.66168095]
113, 766.9715201713883, 421.4344718408938, [-0.9253489  36.32282314  0.67603539], [ 2.5145147  28.04450558 -8.70532137]
114, 522.9988245053967, 420.98545214108884, [-0.88132976 36.47933052  0.84760721], [ 4.40191377 15.65073821 17.15718211]
115, 335.4006707327864, 418.916678560834, [-0.79140484 36.636238    0.65697219], [  8.99249169  15.69074783 -19.06350212]
116, 217.00835824497707, 417.38237044058036, [-0.59082173 36.63703839  0.45440583], [ 20.0583113    0.08003934 -20.2566361 ]
117, 153.38089796783305, 417.1692026925095, [-0.5663668  36.73390363  0.57053796], [ 2.44549314  9.68652343 11.613213  ]
118, 232.46347878274096, 416.58427638919005, [-0.55652279 36.77947028  0.48642689], [ 0.98440065  4.55666582 -8.41110757]
119, 248.09016343049834, 416.15241433255227, [-0.53064838 36.71025588  0.27100731], [  2.58744148  -6.92144004 -21.54195787]
120, 210.0229078211277, 416.2697455470418, [-0.67025559 36.74309671  0.19269189], [-13.96072114   3.28408284  -7.83154205]
121, 282.40116068058853, 416.0267799965141, [-0.6627266  36.71698665  0.06618416], [  0.75289898  -2.61100587 -12.65077319]
122, 167.1803098739559, 415.2631646194178, [-6.41299616e-01  3.68125411e+01 -2.54716685e-03], [ 2.14269812  9.55544719 -6.87313222]
123, 219.32869864262966, 415.9633228089761, [-0.64056686 36.72154872  0.08390086], [ 0.0732759  -9.09924045  8.64480249]
124, 199.6875264749376, 415.46700824649736, [-6.71472840e-01  3.68030081e+01  1.17313771e-02], [-3.09059827  8.14593333 -7.21694809]
125, 413.57772920487224, 415.0181256265634, [-0.64224969 36.81891783 -0.09194017], [  2.92231464   1.59097745 -10.36715439]
126, 358.16676078488615, 414.71724736280555, [-0.6251988  36.8256751  -0.18127318], [ 1.70508896  0.67572726 -8.9333015 ]
127, 311.61526956170445, 415.3918026751601, [-0.57107278 36.75810266  0.04198433], [ 5.41260193 -6.7572445  22.32575122]
128, 545.5018204378531, 415.6841148487916, [-0.73899026 36.93181087  0.22998726], [-16.79174749  17.37082161  18.80029327]
129, 339.1341464623262, 415.5007651869766, [-0.59815865 36.8061945   0.13748393], [ 14.08316107 -12.56163699  -9.25033316]
130, 373.8474992990081, 415.48161764822146, [-5.69281116e-01  3.67330509e+01  2.80758284e-02], [  2.88775328  -7.31435987 -10.94081029]
131, 445.82700356555443, 415.40157811614546, [-0.46214367 36.83982431  0.32963124], [10.71374461 10.67734042 30.15554162]
132, 191.60825629119057, 414.9919358793019, [-0.53932013 36.96931999  0.31891089], [-7.7176458  12.94956812 -1.07203521]
133, 619.2071144345249, 414.47131305024544, [-0.5711703  37.12137947  0.34568973], [-3.18501762 15.2059477   2.67788369]
134, 420.049801326084, 413.71039362335466, [-0.54099017 37.21476051  0.27069579], [ 3.01801328  9.33810456 -7.49939353]
135, 404.13667307463135, 412.5526358563566, [-0.53798877 37.39847946  0.13531044], [  0.30013978  18.37189499 -13.53853563]
136, 464.43466001498, 412.22769163742583, [-6.77383439e-01  3.75394016e+01  4.80829577e-04], [-13.93946661  14.09221394 -13.48296083]
137, 309.5848265977287, 412.34783296434483, [-0.73206514 37.50629974 -0.10102914], [ -5.46817037  -3.31018576 -10.15099667]
138, 161.8394131019324, 411.7396864765591, [-0.69639421 37.60857462 -0.14831056], [ 3.56709323 10.22748782 -4.72814245]
139, 550.6394320576867, 411.8062163774547, [-0.72359607 37.77400049  0.07793366], [-2.72018608 16.54258675 22.62442229]
140, 762.717235746318, 413.167611873143, [-0.7449362  37.74937702  0.49933778], [-2.13401284 -2.46234676 42.14041227]
141, 456.76362971068636, 412.5280770348018, [-0.71966748 37.93453319  0.5124469 ], [ 2.52687246 18.51561638  1.31091144]
142, 368.3269557911312, 411.99063781351293, [-0.68883322 38.02614595  0.46467057], [ 3.0834253   9.16127643 -4.77763304]
143, 573.5572047667283, 410.21764244884673, [-0.49376098 38.24430142  0.30607502], [ 19.50722456  21.81554657 -15.85955438]
144, 650.0042793059085, 409.7634126618266, [-0.50892294 38.29710062  0.15387091], [ -1.51619637   5.27992068 -15.22041102]
145, 132.86314961895692, 409.41205253452245, [-0.48869994 38.39530493  0.12095435], [ 2.02230013  9.82043057 -3.29165599]
146, 795.5932073788919, 409.6515740885539, [-0.65880706 38.77639676  0.17822852], [-17.01071233  38.10918343   5.7274162 ]
147, 202.3194607419251, 409.9340815758609, [-0.80511082 38.87176192  0.06428212], [-14.63037616   9.53651546 -11.39463956]
148, 335.05349095810095, 409.55312152748803, [-0.8340922  38.99279774 -0.16916322], [ -2.8981375   12.10358262 -23.34453377]
149, 468.7695872891568, 410.72605635052975, [-1.04736221 39.01767452 -0.06482972], [-21.32700118   2.48767803  10.43334934]
150, 402.7329857311273, 410.4769834606289, [-0.91529911 38.93377048  0.10676491], [13.20630981 -8.3904039  17.15946311]
151, 702.0862313012105, 409.9152320125265, [-0.88492391 39.03203038 -0.07988527], [  3.03752036   9.82598996 -18.66501791]
152, 389.0121020053879, 410.6664641406644, [-1.01650737 38.91666097 -0.04685198], [-13.15834568 -11.53694133   3.30332907]
153, 605.3494679572407, 410.2213732109087, [-0.88706165 38.9981525   0.06704328], [12.94457129  8.14915275 11.38952629]
154, 304.9283456210777, 410.14395305511493, [-0.82762806 39.0556503   0.17124136], [ 5.94335887  5.74978024 10.41980742]
155, 418.25889352353687, 409.83051394095224, [-8.42852205e-01  3.91671118e+01  4.92936756e-03], [ -1.52241406  11.14614609 -16.63119882]
156, 189.54873397875073, 409.97053896739845, [-0.81942682 39.25450925  0.13374802], [ 2.34253878  8.73974859 12.88186475]
157, 422.9045884548521, 410.53138833980125, [-0.96096856 39.49198004  0.06069629], [-14.15417477  23.74707884  -7.30517286]
158, 323.26510008165735, 409.96926314460165, [-0.80856541 39.54022136  0.12420165], [15.24031506  4.82413249  6.35053639]
159, 474.1721833743398, 410.118459948916, [-9.05534197e-01  3.92305237e+01  8.80334199e-03], [ -9.6968783  -30.96976644 -11.53983084]
160, 238.53576589085296, 410.92010377194214, [-1.03010988 39.17887062  0.10902448], [-12.4575681   -5.16530804  10.02211381]
161, 288.12364387332593, 411.7044845869803, [-1.12152165 39.13893955  0.25286571], [-9.14117757 -3.99310657 14.38412272]
162, 310.1051245044979, 412.7650523869252, [-1.34121946 39.23912041  0.21654165], [-21.9697806   10.01808629  -3.63240623]
163, 274.307907920903, 411.7949604435279, [-1.22364916 39.19838782  0.05428025], [ 11.75703023  -4.07325967 -16.22613971]
164, 356.23725079596227, 412.33814342917793, [-1.30284077 39.27519471  0.11516658], [-7.91916169  7.6806897   6.08863302]
165, 350.84349708502504, 411.33609692027045, [-1.13083562 39.07614203  0.05087539], [ 17.2005154  -19.90526779  -6.42911914]
166, 348.2795375399091, 411.49491944347074, [-1.10318133 39.10245354  0.19693503], [ 2.76542918  2.63115075 14.60596418]
167, 801.4275150344159, 411.10440292496895, [-1.15817306 39.14637593 -0.14968076], [ -5.49917338   4.39223914 -34.66157861]
168, 191.60351462593832, 411.3304043301248, [-1.20100398 39.08769497 -0.1570731 ], [-4.2830917  -5.86809624 -0.73923395]
169, 503.01747873015927, 410.9469209555918, [-1.13876822 38.98641534 -0.22392538], [  6.22357584 -10.12796323  -6.68522871]
170, 553.5059646013248, 411.7377329417743, [-1.21927813 38.77047495 -0.08996147], [ -8.05099122 -21.59403905  13.39639137]
171, 341.53003085157616, 412.246114676367, [-1.31508728 38.87553747 -0.04170649], [-9.58091427 10.50625203  4.82549825]
172, 227.5217378609437, 412.40551266982266, [-1.33176926 39.15910716  0.06511821], [-1.66819835 28.35696917 10.68246999]
173, 207.17519251272034, 412.5662599391928, [-1.30779324 39.11739115  0.19932653], [ 2.39760232 -4.17160136 13.4208315 ]
174, 262.4834271250332, 412.11720109576527, [-1.24322847 39.11041803  0.15178166], [ 6.45647623 -0.69731154 -4.75448621]
175, 409.51488180107026, 411.21328459609657, [-1.0811945  39.18418037  0.12860626], [16.20339727  7.37623364 -2.31754085]
176, 282.3227056477799, 410.9435680886748, [-1.02564035 39.20058671  0.13251777], [5.5554151  1.64063382 0.39115105]
177, 296.8853292336891, 410.5953383916728, [-0.94849648 39.2974058   0.14666718], [7.71438668 9.68190926 1.41494107]
178, 111.05328213250462, 410.3263991654378, [-0.90659796 39.31638334  0.11206614], [ 4.18985224  1.89775418 -3.46010419]
179, 391.90790036241503, 409.8383267380703, [-0.81169023 39.37554477  0.08223301], [ 9.49077275  5.91614264 -2.98331273]
180, 797.1306004650678, 410.2408528788617, [-0.88183894 39.29691148  0.12699019], [-7.01487045 -7.86332849  4.47571826]
181, 375.69998936754973, 411.1526630964005, [-1.09057282 39.30208581  0.07854121], [-20.8733882    0.51743276  -4.8448978 ]
182, 497.7095098691049, 411.118642072195, [-1.06544506 39.2203597   0.12342429], [ 2.51277646 -8.17261105  4.48830819]
183, 415.9396822201502, 412.4393790108879, [-1.19259724 39.13565017  0.40040461], [-12.71521874  -8.47095323  27.69803131]
184, 375.80372805713756, 412.63447467210915, [-1.21523125 39.18383456  0.43451309], [-2.26340071  4.81843962  3.4108484 ]
185, 310.5056776970384, 412.4845729747098, [-1.16542791 39.30293319  0.47996254], [ 4.98033413 11.90986267  4.54494525]
186, 154.2514171352245, 412.7448575412204, [-1.21956612 39.37961155  0.4701575 ], [-5.41382132  7.66783596 -0.98050408]
187, 684.6418521390706, 412.1685605682016, [-1.08861457 39.27942063  0.50583537], [ 13.09515491 -10.01909201   3.56778713]
188, 216.07189424635013, 412.85539929322044, [-1.16509137 39.28346353  0.60826538], [-7.64767961  0.40428962 10.24300071]
189, 376.83385019436577, 412.97099700385405, [-1.1285272  39.26863636  0.70420766], [ 3.65641692 -1.48271612  9.5942279 ]
190, 300.50895415777353, 413.055330009053, [-1.08258867 39.54667233  0.7894001 ], [ 4.59385327 27.80359678  8.51924418]
191, 517.6170038359148, 413.4431074323745, [-0.98589012 39.63355742  1.02011315], [ 9.66985514  8.68850877 23.07130501]
192, 287.43731210964927, 412.98772151426687, [-0.98020718 39.72990687  0.88537674], [  0.56829327   9.63494465 -13.4736412 ]
193, 387.00938180117885, 413.74130371813493, [-1.08947212 39.82020163  0.92580371], [-10.92649394   9.02947633   4.04269695]
194, 482.11426603156906, 412.51919401431667, [-0.95827593 39.7641611   0.76909022], [ 13.11961924  -5.60405251 -15.67134862]
195, 340.44813563314193, 411.9119735489951, [-0.96915787 39.54393016  0.60241212], [ -1.08819396 -22.02309413 -16.66781049]
196, 269.6138997318952, 411.7671414516368, [-0.967268   39.41769744  0.56954693], [  0.18898735 -12.62327219  -3.28651927]
197, 683.5807394440883, 411.89391153742787, [-1.01640254 39.23633437  0.53197781], [ -4.91345386 -18.13630674  -3.75691195]
198, 633.5003391307185, 412.89765747542367, [-1.11894602 38.9618702   0.65222021], [-10.25434894 -27.44641754  12.02424079]
199, 512.0227518186152, 413.4408862633765, [-1.25623234 39.02269731  0.61413264], [-13.72863137   6.08271102  -3.80875772]
200, 530.5971633895032, 413.5457782891899, [-1.38691507 38.91848112  0.37880114], [-13.06827306 -10.42161876 -23.53315014]
201, 224.80285889839033, 414.3939969887033, [-1.49435843 38.93851851  0.47283602], [-10.74433609   2.00373897   9.40348851]
202, 422.3846643232754, 414.68362022925714, [-1.48609112 38.90843046  0.58005384], [ 0.82673133 -3.00880505 10.72178233]
203, 269.94511555477584, 414.7148020313249, [-1.50464746 38.9828805   0.57357706], [-1.8556343   7.44500353 -0.64767824]
204, 122.49404422260766, 415.0326612075427, [-1.55656405 39.08022168  0.59721987], [-5.19165928  9.7341189   2.36428045]
205, 418.631966832334, 414.2101242330669, [-1.44189189 39.08818462  0.54406081], [11.4672166   0.7962935  -5.31590539]
206, 134.61854252023545, 413.7590852948711, [-1.33870742 39.04437757  0.57767721], [10.31844704 -4.38070514  3.36163944]
207, 409.9197367305709, 416.115292934039, [-1.64915513 39.12683976  0.77064291], [-31.0447713    8.24621888  19.29657071]
208, 459.36241409761107, 415.3546168561445, [-1.52749456 39.08404132  0.75271529], [12.16605694 -4.27984347 -1.79276253]
209, 258.8405769059968, 415.0213963048845, [-1.52950447 39.02907061  0.63632775], [ -0.20099094  -5.49707082 -11.63875386]
210, 285.70618224515977, 415.8644165363049, [-1.58944291 39.10136886  0.79877523], [-5.99384453  7.22982475 16.24474746]
211, 458.1470298729272, 416.1150203389341, [-1.56887241 39.13579154  0.90890213], [ 2.05705079  3.44226757 11.01269019]
212, 387.8451347712309, 416.5696645764879, [-1.58025854 39.25238531  1.02318748], [-1.13861326 11.65937704 11.42853491]
213, 202.71837341242502, 417.2370527642541, [-1.67948121 39.19976846  1.03861963], [-9.92226735 -5.26168444  1.54321552]
214, 545.2158181785586, 416.8207116523796, [-1.70450229 39.04810838  0.86627803], [ -2.50210821 -15.16600845 -17.23415987]
215, 826.3896731465777, 415.8591109256646, [-1.62475446 39.36320348  0.74880251], [  7.97478359  31.50950965 -11.74755203]
216, 430.5889856362387, 415.21797595338313, [-1.57960632 39.53490572  0.61269875], [  4.51481345  17.1702249  -13.61037669]
217, 341.5151767629595, 413.85378043756907, [-1.28997834 39.4270286   0.71578417], [ 28.96279852 -10.78771223  10.3085421 ]
218, 280.34626441698185, 413.501952325313, [-1.28960408 39.25976416  0.60498158], [  0.03742544 -16.72644458 -11.08025867]
219, 273.6424065579194, 413.91689894897377, [-1.3496774  39.2759551   0.63476737], [-6.0073315   1.61909451  2.97857905]
220, 515.2499417528594, 413.19750784149727, [-1.34710542 39.31336634  0.38375675], [  0.25719807   3.7411237  -25.101062  ]
221, 179.4656966314573, 412.52670189884566, [-1.28318034 39.32670583  0.25025614], [  6.39250797   1.33394916 -13.35006063]
222, 368.600989335467, 413.97465797858166, [-1.53380744 39.21519657  0.26524947], [-25.0627097  -11.15092593   1.49933218]
223, 317.8329593237154, 414.4798642103121, [-1.5597251  39.27117663  0.41005583], [-2.59176608  5.59800632 14.48063693]
224, 486.45919741164255, 414.90473733775815, [-1.60589405 39.3571484   0.46464575], [-4.6168951   8.59717621  5.45899146]
225, 403.55357839989546, 413.8099188700557, [-1.39795845 39.57320925  0.47861368], [20.79355975 21.60608548  1.396793  ]
226, 289.0739318813611, 414.3563384335672, [-1.49549779 39.64095117  0.45701435], [-9.75393429  6.7741922  -2.15993268]
227, 341.7898514070994, 415.4055603926024, [-1.69016378 39.41615399  0.4548328 ], [-19.46659862 -22.47971827  -0.21815488]
228, 207.7301963138895, 415.0433372836181, [-1.65556639 39.26570742  0.40505169], [  3.45973941 -15.0446568   -4.97811167]
229, 493.8242072289703, 412.5118787347933, [-1.32219206 39.35459497  0.14373252], [ 33.33743228   8.88875436 -26.13191689]
230, 179.14865296528677, 412.85534955762733, [-1.402807   39.35605999  0.09072294], [-8.06149328  0.1465022  -5.30095825]
231, 280.09781747310996, 412.3142314096239, [-1.33280308e+00  3.90928165e+01  5.53948207e-03], [  7.0003918  -26.32435234  -8.51834538]
232, 215.35364273117528, 412.30556698671893, [-1.32015932 39.20151944  0.04953141], [ 1.26437615 10.870298    4.3991928 ]
233, 314.5254666371514, 412.12243590200944, [-1.26504181 39.19705168  0.10794418], [ 5.51175104 -0.44677628  5.84127739]
234, 399.89751645104246, 411.2942455254655, [-1.11380604 39.3530386   0.08715434], [15.12357663 15.59869187 -2.07898437]
235, 354.8711618456314, 411.3311313596997, [-1.0755277  39.41276628  0.19167235], [ 3.82783361  5.9727681  10.45180057]
236, 324.71802536063376, 411.34420309141746, [-1.09174372 39.34732296  0.16643164], [-1.62160199 -6.54433218 -2.52407053]
237, 383.188749235199, 411.5267352882213, [-1.16818646 39.19376094  0.06546392], [ -7.64427371 -15.35620157 -10.09677249]
238, 396.9470431448422, 410.9716273797333, [-1.07129909e+00  3.92645022e+01  3.59029408e-02], [ 9.68873733  7.07412374 -2.9560975 ]
239, 433.117669405146, 410.3487809397346, [-0.93397382 39.24018099  0.059431  ], [13.73252642 -2.43211897  2.35280579]
240, 243.41223765216864, 410.31390729384725, [-0.97449956 39.27297475 -0.06514851], [ -4.0525737    3.27937603 -12.4579511 ]
241, 326.30463137701287, 410.7914564235995, [-0.98481278 39.5486377   0.11982819], [-1.03132169 27.56629448 18.49767007]
242, 327.1281715861671, 411.24947473028266, [-1.07829841 39.57205574  0.11013116], [-9.34856298  2.34180435 -0.96970265]
243, 330.80119317676497, 411.5955874525262, [-1.03516628 39.69093182  0.3291703 ], [ 4.31321276 11.8876081  21.90391378]
244, 280.8289340632846, 411.2925558897868, [-1.02836997 39.521228    0.26102465], [  0.67963065 -16.97038174  -6.8145645 ]
245, 693.0964079406833, 409.8076585545205, [-0.62172012 39.31413644  0.42017502], [ 40.66498509 -20.70915652  15.91503664]
246, 397.99304044133794, 410.5925336095607, [-0.64085137 39.51827896  0.65286532], [-1.91312473 20.41425207 23.26903007]
247, 458.0694860499078, 410.9962989521059, [-0.62191658 39.48929626  0.80288454], [ 1.89347846 -2.89827039 15.00192208]
248, 323.1564194716824, 409.66708726169617, [-0.51504189 39.46021828  0.51762887], [ 10.68746919  -2.90779785 -28.52556718]
249, 210.60241027988886, 410.48241727782624, [-0.57446404 39.52259393  0.70294325], [-5.94221489  6.2375656  18.53143813]
250, 285.80895931988323, 410.0575452137538, [-0.49002972 39.54649975  0.67083222], [ 8.44343253  2.3905818  -3.21110323]
251, 187.92351945924992, 409.4282916097932, [-0.33147174 39.5275732   0.65862357], [15.85579782 -1.89265499 -1.22086492]
252, 330.3462227927448, 410.02245891582953, [-0.44755055 39.71091726  0.68296167], [-11.60788167  18.33440548   2.43381018]
253, 415.6128159701457, 409.8849013920499, [-0.44783693 39.76546843  0.62416957], [-0.02863719  5.45511704 -5.87920987]
254, 372.2936576903111, 409.7496815305585, [-0.45771207 39.79239689  0.55733023], [-0.98751434  2.69284643 -6.68393389]
255, 88.5182282396474, 409.3425293098447, [-0.37756025 39.81479536  0.51186954], [ 8.01518214  2.23984671 -4.54606963]
256, 477.4346564056361, 408.72057748472514, [-0.37682369 39.83646529  0.25735036], [  0.07365588   2.16699308 -25.4519182 ]
257, 347.96603067404425, 408.4359473041448, [-0.33189062 39.78343828  0.22759295], [ 4.4933068  -5.30270035 -2.97574112]
258, 397.75943215381415, 408.0498614762834, [-0.28145291 39.74992382  0.14593908], [ 5.0437707  -3.35144646 -8.16538699]
259, 472.35241780392664, 407.99105070820946, [-0.24259624 39.89081974  0.10990174], [ 3.88566707 14.08959161 -3.60373323]
260, 106.52017509978671, 407.8331217923636, [-0.19153511 39.91472151  0.10302652], [ 5.10611294  2.39017718 -0.68752249]
261, 361.20145169068957, 407.69247523087637, [-2.33337551e-01  3.98076039e+01  1.85764939e-02], [ -4.18024362 -10.71176137  -8.44500245]
262, 343.28122707092973, 407.3728863085053, [-0.07289143 39.68013232  0.17841383], [ 16.04461215 -12.74715762  15.98373341]
263, 229.81012951966514, 407.0416075238502, [-3.26832423e-02  3.98071751e+01  1.85160720e-02], [  4.02081868  12.70427599 -15.98977559]
264, 347.7331478148821, 406.6370106400751, [ 0.05550717 39.78590915 -0.05039232], [ 8.81904122 -2.1265924  -6.89083919]
265, 119.00033416340133, 407.00813104483876, [-3.30097636e-02  3.97882738e+01  1.01468698e-02], [-8.85169335  0.23646062  6.05391897]
266, 234.7442937070508, 407.2538430457108, [-2.60942905e-02  3.98604130e+01  1.09910185e-01], [0.69154732 7.21392875 9.97633153]
267, 572.40678129967, 406.8303160820056, [8.42363349e-02 3.99253522e+01 1.63236705e-02], [11.03306254  6.49391872 -9.35865146]
268, 235.64027130822745, 407.1388269769842, [ 0.10355803 39.91036663  0.20699259], [ 1.93216979 -1.49856037 19.06689176]
269, 622.6651852588445, 406.09755846524297, [ 0.15430203 39.69843678 -0.16498235], [  5.07439938 -21.1929853  -37.19749367]
270, 451.72290140781706, 406.4201152499606, [ 0.14323444 39.88323741 -0.09797993], [-1.10675896 18.48006336  6.7002419 ]
271, 550.741682977068, 405.96305512409623, [ 0.21926002 39.55432017 -0.08313271], [  7.60255852 -32.89172436   1.48472153]
272, 117.61831244587725, 406.00203252175373, [ 2.57181271e-01  3.95678308e+01 -1.22167870e-02], [3.79212486 1.3510652  7.09159273]
273, 279.4441374157814, 406.3948528893677, [1.49488899e-01 3.96394863e+01 2.73149795e-02], [-10.76923714   7.16555219   3.95317665]
274, 462.62064212688176, 406.59349931182334, [ 0.09989886 39.51255889  0.09314683], [ -4.95900391 -12.69274489   6.5831848 ]
275, 672.0659485422926, 407.01840930812745, [-0.05397515 39.63995357  0.04794148], [-15.38740064  12.73946815  -4.52053499]
276, 315.53716891390076, 407.1088453530924, [-6.63996355e-02  3.97763771e+01  1.54887716e-02], [-1.24244893 13.64235742 -3.2452706 ]
277, 250.70790141485344, 407.3828969064227, [-1.28899004e-01  3.99038844e+01 -2.24032555e-02], [-6.24993685 12.75072609 -3.78920272]
278, 350.5819639334935, 407.3114252132369, [-4.87477116e-02  3.99674819e+01  3.38148040e-02], [8.01512925 6.35975265 5.62180596]
279, 395.7187686169474, 406.937461134355, [ 0.1207619  39.92694159  0.12446356], [16.95096104 -4.05403453  9.06487577]
280, 444.1696797580183, 406.06911067939836, [ 2.79083768e-01  3.97912236e+01 -3.78417008e-02], [ 15.83218692 -13.57179952 -16.23052625]
281, 140.66117195203304, 405.98551288966473, [ 0.25895121 39.75711781 -0.0971424 ], [-2.01325606 -3.41057814 -5.93006977]
282, 305.65193288190915, 405.3332863679601, [ 0.48360564 39.77567693 -0.20026066], [ 22.46544281   1.85591122 -10.3118257 ]
283, 499.2927496013767, 405.21644572698426, [ 0.66084226 39.75127555 -0.05245749], [17.72366278 -2.44013785 14.7803162 ]
284, 123.99691506008044, 405.29529686590183, [ 0.62693776 39.83923528 -0.08989914], [-3.3904505   8.79597318 -3.74416467]
285, 300.7418275200565, 405.859299206235, [4.46661115e-01 3.98663055e+01 1.42491563e-02], [-18.02766434   2.70702035  10.41482966]
286, 259.94366574400317, 405.880058861691, [ 0.39502396 39.94049064 -0.08986938], [ -5.16371538   7.41851598 -10.41185371]
287, 374.6027884164524, 405.49452177864526, [ 5.86890580e-01  3.98665717e+01 -3.35665246e-02], [19.18666194 -7.39189417  5.63028562]
288, 145.23550910647998, 405.55521438957936, [ 0.71064276 39.85959623  0.11248972], [12.37521784 -0.69754688 14.60562439]
289, 619.5513861010328, 406.35903262559106, [ 0.57443569 40.02516956  0.27945026], [-13.62070706  16.55733306  16.69605437]
290, 385.64084321736107, 406.80412641002897, [ 0.50592175 39.94579066  0.44316052], [-6.8513943  -7.93789038 16.37102533]
291, 242.31675280233873, 406.9141253873706, [ 0.48352598 39.93642039  0.47112038], [-2.23957666 -0.93702682  2.79598617]
292, 256.9953965551107, 407.1303463535181, [ 0.50612101 39.89081501  0.57905316], [ 2.25950276 -4.56053802 10.79327815]
293, 130.37445590601348, 407.5949419816697, [ 0.51882484 39.87056618  0.74058272], [ 1.27038337 -2.02488273 16.15295561]
294, 231.66063724517227, 407.572632522539, [ 0.33120386 39.76931139  0.63823483], [-18.76209801 -10.12547928 -10.23478863]
295, 166.436672043272, 407.482772287803, [ 0.3412126  39.67655085  0.63620747], [ 1.00087406 -9.27605402 -0.20273587]
296, 180.1189739714717, 407.8996621367657, [ 0.26108228 39.58596043  0.72092508], [-8.01303223 -9.05904235  8.47176125]
297, 158.44895968484335, 408.2529142804285, [ 0.19687595 39.51777612  0.78472121], [-6.42063312 -6.81843044  6.37961311]
298, 126.47577680827433, 408.1488236891889, [ 0.19661242 39.56682332  0.75034066], [-0.02635275  4.90471997 -3.43805533]
299, 173.64072717053506, 408.3997335796835, [ 0.19872202 39.53993602  0.82657664], [ 0.21095997 -2.68873065  7.62359838]
300, 358.70005148065565, 407.3399130873931, [ 0.34310602 39.61823286  0.60107095], [ 14.43840053   7.82968479 -22.55056943]
301, 96.65962450812017, 407.36843052851077, [ 0.21975759 39.56963895  0.52052164], [-12.33484363  -4.85939141  -8.05493062]
302, 656.0369260498485, 407.5342398782476, [ 0.09400486 39.5205503   0.47032101], [-12.57527321  -4.90886513  -5.02006365]
303, 498.6682789912126, 407.5438670749721, [ 0.11111099 39.52103869  0.48993633], [1.71061294 0.04883899 1.96153207]
304, 399.93321839479086, 407.0553781950883, [ 0.30506887 39.58640119  0.48050784], [19.39578821  6.53624988 -0.94284908]
305, 309.54878891200946, 407.46527596419304, [ 0.23755837 39.68326037  0.54931402], [-6.7510495   9.68591826  6.88061828]
306, 567.2352052140441, 408.2727846179648, [ 0.09340435 39.78437039  0.66830304], [-14.41540252  10.11100224  11.89890238]
307, 340.0407780556387, 408.22780826304034, [ 0.10990374 39.81059465  0.66129979], [ 1.64993884  2.6224262  -0.70032583]
308, 116.71841607179631, 408.42258119521694, [ 0.21804363 39.8772456   0.78885859], [10.81398958  6.66509495 12.75588045]
309, 528.8236227764696, 408.4875094272515, [-1.52462158e-02  3.99036491e+01  6.00619874e-01], [-23.3289847    2.64034487 -18.8238716 ]
310, 387.8326242353561, 408.7434529112043, [-0.08408412 39.89376752  0.62010501], [-6.88379022 -0.98815312  1.94851391]
311, 237.98434754224155, 408.43186951167957, [-0.054435   39.88558195  0.54785428], [ 2.96491227 -0.81855741 -7.22507355]
312, 176.78853891431578, 408.1470443454172, [-3.34803990e-02  3.97735173e+01  5.07299245e-01], [  2.09545963 -11.20646582  -4.05550328]
313, 294.6220076439328, 408.1828577996698, [-0.09739728 39.72750834  0.46305337], [-6.39168834 -4.60089448 -4.42458749]
314, 321.4781779479838, 408.5762773860567, [-0.29547216 39.59671154  0.39669438], [-19.80748768 -13.07968004  -6.63589932]
315, 471.93134957433284, 409.604343144107, [-0.49256417 39.71438733  0.48084806], [-19.70920151  11.76757898   8.41536852]
316, 436.61958157862284, 408.94186651853613, [-0.47287223 39.52274127  0.29705478], [  1.96919442 -19.1646067  -18.37932859]
317, 201.06756389675357, 408.2944329058267, [-0.36486619 39.60760161  0.17162465], [ 10.80060387   8.48603478 -12.54301271]
318, 340.551719069768, 408.2083143531195, [-0.38571914 39.55268289  0.10880787], [-2.08529441 -5.49187234 -6.28167764]
319, 200.49207330228234, 408.3987165772386, [-0.46034798 39.52825658  0.06947554], [-7.46288464 -2.44263089 -3.93323351]
320, 430.34653704672047, 408.5130752467426, [-0.58541063 39.35188905 -0.11026326], [-12.50626474 -17.63675275 -17.97388014]
321, 448.3356313505327, 409.68817811647705, [-0.8434054  39.50421376 -0.10998039], [-25.79947678  15.23247092   0.02828741]
322, 362.9972706029002, 409.6837188905556, [-0.72876299 39.73891105  0.08453301], [11.46424054 23.46972892 19.45134003]
323, 272.75932092702124, 409.26609102542795, [-0.74823626 39.65427795 -0.17342643], [ -1.94732661  -8.46331031 -25.79594454]
324, 461.8055622313382, 410.5042553299463, [-9.32450398e-01  3.97702617e+01  3.80773595e-03], [-18.42141402  11.59837535  17.72341708]
325, 532.2028582477556, 409.7441434401937, [-0.74099719 39.73485901  0.09000561], [19.14532047 -3.54026913  8.61978783]
326, 332.4004848359434, 409.67510270053907, [-0.65346862 39.69918381  0.25279392], [ 8.7528578  -3.56752013 16.27883093]
327, 425.2444019933807, 410.32032938584865, [-0.69398687 39.8563182   0.38809112], [-4.0518256  15.71343904 13.52971917]
328, 320.96547221602566, 411.28677429582893, [-0.746038   39.94159653  0.62452377], [-5.20511256  8.52783257 23.64326558]
329, 398.2839955593553, 409.9901555801555, [-0.49740803 39.89605327  0.55078973], [24.86299651 -4.55432591 -7.37340409]
330, 257.95672545660193, 409.80960455276335, [-0.41221834 39.94436357  0.5818059 ], [8.51896938 4.83103011 3.10161675]
331, 298.13831011383456, 410.4540792807918, [-0.48298176 40.09402221  0.64006336], [-7.07634235 14.96586375  5.82574628]
332, 285.5738705150351, 410.8837352686928, [-0.60405881 40.28666128  0.49804487], [-12.10770476  19.26390742 -14.20184859]
333, 252.24784296954644, 411.64745144011323, [-0.72055656 40.33741925  0.55957955], [-11.64977471   5.07579708   6.15346791]
334, 142.6448603274102, 411.21899190076675, [-0.59434346 40.25760972  0.65419096], [12.62131004 -7.98095288  9.46114077]
335, 578.9442425091285, 412.37857636129934, [-0.65832413 40.52496946  0.76096295], [-6.39806743 26.73597367 10.67719904]
336, 421.55668416119244, 412.62440291958063, [-0.81648203 40.42974569  0.68352452], [-15.81578971  -9.5223771   -7.74384288]
337, 278.47603034225045, 412.0596228783326, [-0.62253203 40.36508019  0.82102014], [19.39499974 -6.46654977 13.74956215]
338, 589.2939147940633, 413.2681682764445, [-0.68247451 40.58243522  0.95970529], [-5.99424823 21.73550273 13.86851491]
339, 307.55114375449295, 412.78409916026504, [-0.72333903 40.59054579  0.7481581 ], [ -4.08645163   0.8110575  -21.15471951]
340, 282.3037927647956, 412.32281479123174, [-0.66189573 40.47957658  0.77268992], [  6.14433031 -11.09692176   2.45318166]
341, 340.68389804401806, 412.0872340402444, [-0.8122205  40.28311861  0.61028954], [-15.03247749 -19.64579644 -16.24003717]
342, 556.1797278536689, 410.8827904313644, [-0.66485938 40.10925284  0.52088965], [ 14.73611164 -17.38657712  -8.93998952]
343, 270.1131208979661, 410.60983310430265, [-0.61644789 40.17224313  0.4542292 ], [ 4.84114951  6.29902888 -6.66604454]
344, 150.71622992739043, 410.4435887524642, [-0.55306256 40.21171803  0.46374924], [6.33853322 3.94748984 0.95200342]
345, 397.67528463484075, 409.53304184958694, [-0.49826719 40.12758405  0.23183431], [  5.47953712  -8.41339759 -23.19149255]
346, 1031.250830674526, 409.9130345499925, [-0.44824215 39.98560734  0.55193558], [  5.00250319 -14.19767149  32.01012637]
347, 320.9134115866223, 408.8727664187149, [-0.30343284 39.79734292  0.44311639], [ 14.48093136 -18.82644123 -10.88191882]
348, 405.13110777684705, 410.61642327061827, [-0.58622288 39.8216663   0.66975881], [-28.27900392   2.4323372   22.6642425 ]
349, 302.10011629217973, 410.5651197826111, [-0.43756237 39.82013594  0.83344508], [14.86605072 -0.15303541 16.36862672]
350, 390.92308985512864, 410.9326413333107, [-0.45255692 39.97864027  0.87536991], [-1.49945457 15.85043308  4.1924829 ]
351, 624.4778620700952, 410.2581588040403, [-0.39995596 40.07880435  0.68758791], [  5.26009616  10.01640777 -18.77819933]
352, 163.37329297454397, 410.12808056828516, [-0.34104953 40.18636257  0.65982089], [ 5.8906428  10.7558222  -2.77670287]
353, 194.5386754782316, 410.0752442561365, [-0.41185036 40.2589235   0.50130051], [ -7.0800837    7.25609244 -15.85203788]
354, 320.06095063510486, 409.2918779021384, [-0.18156689 40.17385969  0.56948156], [23.02834753 -8.50638076  6.81810494]
355, 256.75691402864607, 408.7334235451635, [-0.04746701 40.12405203  0.55144076], [13.40998758 -4.98076631 -1.80407943]
356, 268.09162802229685, 408.8517091644652, [-0.06584982 40.22710813  0.5112502 ], [-1.83828077 10.3056103  -4.01905592]
357, 88.47257861000739, 408.9234494480533, [-2.24917482e-02  4.02626554e+01  5.62180308e-01], [4.33580733 3.55473137 5.0930105 ]
358, 681.6462287309944, 408.56046645057677, [2.95691896e-02 4.02034562e+01 5.25009320e-01], [ 5.20609378 -5.91992268 -3.71709887]
359, 201.48655437944387, 408.3297514372833, [-1.29687948e-02  4.00605299e+01  4.77065024e-01], [ -4.25379844 -14.29263353  -4.79442955]
360, 176.2995240083494, 408.7190277736511, [-0.08175953 40.15417686  0.48994417], [-6.87907361  9.36469817  1.28791503]
361, 428.3854914253833, 408.8338418639279, [7.98347154e-03 3.99762408e+01 7.08686471e-01], [  8.97430024 -17.79360316  21.87422963]
362, 189.48119612486, 408.6482030358673, [-4.05501168e-03  3.99940661e+01  6.29998182e-01], [-1.20384832  1.78252808 -7.86882888]
363, 353.8281497782001, 408.6706117172105, [-0.12051703 39.7989322   0.58839838], [-11.64620184 -19.51339099  -4.15998032]
364, 447.6832487607354, 408.802361258147, [-0.28137119 39.61136693  0.49537247], [-16.08541608 -18.7565274   -9.30259044]
365, 199.58704957156706, 408.8637966606234, [-0.29874884 39.57969622  0.5013312 ], [-1.73776457 -3.16707036  0.59587225]
366, 88.74493203826644, 409.35586041345124, [-0.44728609 39.67647942  0.46355743], [-14.8537253    9.67831935  -3.77737649]
367, 274.6174536334758, 408.7237341398187, [-0.34717358 39.48197587  0.40100718], [ 10.01125095 -19.45035477  -6.25502544]
368, 264.6731641307684, 409.2055115664505, [-0.37844219 39.71671207  0.49168905], [-3.12686077 23.47362024  9.06818774]
369, 182.11070944408843, 409.2802489355892, [-0.33080618 39.66131512  0.59079648], [ 4.76360093 -5.53969536  9.9107427 ]
370, 359.40004544070644, 410.2695030894783, [-0.47959935 39.70120481  0.72444285], [-14.87931733   3.98896879  13.36463668]
371, 235.09267942616935, 410.96029249634927, [-0.49410164 39.86464457  0.87359698], [-1.45022926 16.34397625 14.91541284]
372, 582.7399947100259, 409.79970926510794, [-0.31864452 40.005583    0.66762823], [ 17.54571247  14.09384275 -20.59687503]
373, 375.60443990333846, 409.05991774187487, [-0.16144637 39.95538374  0.62055638], [15.71981499 -5.01992512 -4.70718472]
374, 355.3506845110557, 409.35354333806805, [-0.12034105 40.075056    0.70849706], [ 4.11053194 11.96722566  8.79406829]
375, 694.7217338895401, 409.3426051020057, [-0.21976402 40.08100801  0.59368179], [ -9.94229709   0.59520038 -11.48152742]
376, 202.43543636170006, 409.5917045207888, [-0.31383414 40.09680018  0.55801667], [-9.40701213  1.57921778 -3.5665122 ]
377, 282.2553507021704, 410.6543144474344, [-0.44979819 40.23607001  0.67117595], [-13.5964046   13.92698295  11.31592882]
378, 259.4783250711428, 410.2455604437886, [-0.40824008 40.21563214  0.597509  ], [ 4.15581115 -2.04378705 -7.36669558]
379, 492.3917565674763, 409.3766905201937, [-0.25997706 39.90705859  0.63499012], [ 14.82630165 -30.85735548   3.74811165]
380, 264.15715784394365, 409.58311386702167, [-0.37594913 39.97788925  0.53443944], [-11.59720664   7.08306582 -10.05506733]
381, 420.58483884144323, 409.5834465407711, [-0.42233426 39.95487641  0.4820002 ], [-4.63851364 -2.30128352 -5.24392373]
382, 296.32452417615104, 409.7569715544066, [-0.46686417 39.91343502  0.50215223], [-4.45299098 -4.14413858  2.0152027 ]
383, 315.5095057181896, 408.69038295433916, [-0.22961299 39.86211723  0.44629046], [23.72511849 -5.13177917 -5.58617667]
384, 428.6733190747016, 409.5277238175045, [-0.39569083 40.14151626  0.39230353], [-16.60778377  27.93990311  -5.39869352]
385, 376.91744283468466, 409.02376037958226, [-0.34192395 40.08303565  0.30369546], [ 5.37668725 -5.84806098 -8.86080672]
386, 770.0389571864705, 408.70595213366045, [-0.35860225 39.91126625  0.24232833], [ -1.66782966 -17.17694017  -6.13671286]
387, 577.6146931689077, 408.1251900421305, [-0.2483326  39.82482026  0.20126796], [11.02696471 -8.64459907 -4.10603753]
388, 577.4300178564995, 407.4280681389628, [1.87727117e-02 3.98915931e+01 2.38221642e-01], [26.71053146  6.67728672  3.69536839]
389, 477.6995623011767, 407.1923908178817, [ 0.08039894 39.72458884  0.28209663], [  6.16262281 -16.70042898   4.38749892]
390, 146.1559175721474, 406.6003943293669, [ 0.29413924 39.74003793  0.26014876], [21.37403014  1.54490914 -2.19478724]
391, 454.0995154180323, 405.74497117356105, [ 0.35582947 39.61644084 -0.04003394], [  6.16902303 -12.35970905 -30.0182703 ]
392, 520.9846567458818, 405.80128099709356, [ 3.51477407e-01  3.96300444e+01 -1.91941805e-02], [-0.43520647  1.36036089  2.08397636]
393, 216.97913817743535, 405.580874275157, [ 0.3739295  39.75719706 -0.18128892], [  2.24520923  12.71526119 -16.20947402]
394, 296.8289956082523, 405.3801256049803, [ 0.54284151 39.73429733 -0.07280765], [16.89120102 -2.28997282 10.84812739]
395, 455.8130527311172, 406.3488265782263, [ 0.37041277 39.92310904  0.14452673], [-17.24287394  18.88117105  21.7334373 ]
396, 280.94835943759955, 406.626085817105, [ 0.3424188  40.02188903  0.18454283], [-2.79939672  9.87799899  4.0016101 ]
397, 196.84201882237457, 406.46271487042145, [3.14505846e-01 4.00811813e+01 2.37478486e-02], [ -2.79129569   5.92922253 -16.07949786]
398, 485.82539142179564, 406.5921543808465, [ 0.22653643 40.13334188 -0.08022777], [ -8.79694195   5.21606175 -10.39756215]
399, 641.2453694239659, 406.32199558015736, [ 0.21053209 39.87970555 -0.0465678 ], [ -1.60043346 -25.36363252   3.36599712]
400, 355.6749259232173, 406.84528555922554, [ 0.10168859 40.04229926 -0.04098857], [-10.88435063  16.25937095   0.55792281]
401, 439.6425518369375, 407.52155708345873, [ 0.11143923 40.33274675  0.06105657], [ 0.97506472 29.04474894 10.20451405]
402, 364.32365437939677, 407.6649884487169, [ 0.19806466 40.45184854  0.12425144], [ 8.66254322 11.91017877  6.31948742]
403, 137.19384260446085, 407.44669993681, [ 0.24441657 40.39489545  0.1406444 ], [ 4.63519057 -5.69530921  1.63929539]
404, 547.7317483864612, 406.88021356799175, [ 0.45315544 40.52977285 -0.08661044], [ 20.87388743  13.48773998 -22.72548333]
405, 223.70753917818237, 406.69702572572334, [ 0.42876024 40.44559119 -0.10850689], [-2.43952014 -8.4181656  -2.18964561]
406, 538.9807621490829, 406.1706385844973, [ 0.45574231 40.34880733 -0.3019422 ], [  2.69820638  -9.67838578 -19.34353011]
407, 365.6396484788126, 406.48696280909263, [ 0.38065466 40.3819967  -0.23869065], [-7.5087651   3.31893678  6.32515486]
408, 647.1290191902652, 406.98520845740137, [ 0.32065306 40.59106635 -0.4066748 ], [ -6.00015944  20.90696552 -16.79841487]
409, 298.63749913279804, 407.5794348412235, [ 0.32770866 40.8053874  -0.44048538], [ 0.70555992 21.4321045  -3.38105849]
410, 429.9745517809071, 406.86195212090263, [ 0.33918899 40.62073449 -0.76973058], [  1.14803302 -18.46529093 -32.92452024]
411, 385.3355140921464, 406.73969610468555, [ 0.35930611 40.5882968  -0.6641925 ], [ 2.01171217 -3.24376857 10.55380871]
412, 120.18518297749931, 406.52512934399647, [ 0.37951061 40.53550643 -0.75849331], [ 2.02044954 -5.2790378  -9.43008186]
413, 444.32473793105544, 406.4806695505015, [ 0.34652046 40.48463608 -0.95052835], [ -3.29901489  -5.08703448 -19.20350366]
414, 475.29040568056064, 406.70385133995376, [ 0.44300764 40.6472838  -0.69030238], [ 9.64871831 16.26477218 26.02259671]
415, 350.2135747335282, 406.9260787350653, [ 0.39668937 40.68789905 -0.72351211], [-4.63182708  4.0615245  -3.32097244]
416, 334.9271158906858, 406.7889407830662, [ 0.29501084 40.54973429 -0.68098097], [-10.16785272 -13.81647621   4.25311414]
417, 269.48852146689563, 406.4340572859154, [ 0.29417471 40.40739977 -0.64878547], [ -0.08361339 -14.23345121   3.2195499 ]
418, 651.7779380137557, 405.9584135617733, [ 0.34741226 40.2204794  -0.51706627], [  5.32375471 -18.69203783  13.17192017]
419, 228.54835615469852, 406.1000109013749, [ 0.29708117 40.2468527  -0.57450609], [-5.033109    2.63733035 -5.7439828 ]
420, 678.6181617346826, 406.1215797937884, [ 0.34759117 40.34053674 -0.71665339], [  5.05100013   9.36840423 -14.21472979]
421, 435.5349640395942, 406.06844093838913, [ 0.33078287 40.2988695  -0.71785325], [-1.68082999 -4.16672449 -0.11998547]
422, 284.58944033346233, 406.4937317554505, [ 0.1792811  40.30562142 -0.67061023], [-15.15017704   0.67519275   4.72430204]
423, 313.52735231107454, 406.315335025463, [ 0.10953467 40.12232781 -0.67018397], [ -6.97464325 -18.32936095   0.04262558]
424, 333.90985617024995, 406.22284129650166, [ 0.1584184  40.16411267 -0.81413037], [  4.88837363   4.17848556 -14.39464001]
425, 254.64587118047743, 406.6273728264373, [ 0.13250193 40.30431988 -0.6553865 ], [-2.59164687 14.02072049 15.87438728]
426, 235.14116789691258, 407.04097994871904, [ 0.04055266 40.35859789 -0.60757419], [-9.19492776  5.42780115  4.78123115]
427, 824.3691558249888, 408.3278502140315, [-0.34547173 40.35979492 -0.70887681], [-38.60243848   0.11970327 -10.13026251]
428, 173.67139608327986, 408.49093166730495, [-0.35424835 40.41393213 -0.86326222], [ -0.87766216   5.41372102 -15.43854103]
429, 266.4940216030956, 408.846277722684, [-0.46158125 40.38824396 -0.74180858], [-10.73328985  -2.5688173   12.14536421]
430, 269.8655673750304, 409.1646006584854, [-0.4276324  40.55103951 -0.92534002], [  3.39488504  16.27955503 -18.35314384]
431, 443.57009827969296, 409.43169002757304, [-0.50057526 40.54878329 -0.7734261 ], [-7.29428587 -0.22562165 15.1913921 ]
432, 263.35340791797614, 409.1107230286681, [-0.39669824 40.57774375 -0.65869037], [10.38770136  2.89604641 11.4735726 ]
433, 479.695464090139, 408.97038634707127, [-0.49041695 40.38311219 -0.64441371], [ -9.37187053 -19.46315633   1.42766612]
434, 451.97793388940755, 408.42104543953377, [-0.37761738 40.32851732 -0.57469753], [11.27995714 -5.45948699  6.97161807]
435, 447.69095862703114, 408.30098515072206, [-0.4189496  40.22596364 -0.90557483], [ -4.13322253 -10.25536817 -33.08773049]
436, 273.2091821592488, 409.04217424040974, [-0.56681367 40.29055171 -0.78189532], [-14.78640664   6.45880725  12.3679512 ]
437, 442.21953371561875, 410.6733206200718, [-0.80294366 40.51058857 -0.63975111], [-23.61299872  22.0036859   14.21442111]
438, 300.4871997409178, 410.5808439118706, [-0.68121709 40.62387534 -0.36393903], [12.1726562  11.32867678 27.58120814]
439, 511.25656233256376, 411.08887107084985, [-0.66184641 40.7802938  -0.23436144], [ 1.93706866 15.64184635 12.95775848]
440, 336.7857790517437, 410.9176686101041, [-0.61544303 40.82485236 -0.36582451], [  4.64033758   4.45585565 -13.14630633]
441, 394.29360826355185, 409.7654821095863, [-0.40495266 40.70465484 -0.25616703], [ 21.04903705 -12.01975169  10.96574826]
442, 657.3445208079255, 408.9265782478662, [-0.42595978 40.39029118 -0.32900279], [ -2.10071223 -31.43636624  -7.28357688]
443, 348.63849919519834, 408.60885570722945, [-0.38373296 40.31763521 -0.31540603], [ 4.22268225 -7.26559699  1.35967666]
444, 226.96713836663918, 408.25267186575985, [-0.3470156  40.2631347  -0.42594734], [  3.67173642  -5.45005124 -11.05413169]
445, 543.5015303208855, 408.26112107332534, [-0.38449286 40.14067389 -0.30510078], [ -3.74772621 -12.24608111  12.08465658]
446, 311.7722820834938, 408.7806893216761, [-0.35462501 40.37560954 -0.18076491], [ 2.98678469 23.49356568 12.43358726]
447, 510.3712928865486, 410.1193808430734, [-0.68790795 40.28743885 -0.05061403], [-33.32829389  -8.81706902  13.01508719]
448, 358.4925847168371, 410.2948943943363, [-7.50214020e-01  4.01781502e+01  2.44630541e-02], [ -6.23060693 -10.92886555   7.5077088 ]
449, 406.9365532503365, 410.6283842866322, [-0.72938188 40.19646004  0.23340231], [ 2.08321374  1.83098457 20.89392587]
450, 480.79255432132595, 411.27888491022946, [-0.89891966 40.12720957  0.2326362 ], [-16.95377792  -6.92504756  -0.07661103]
451, 264.6237275192181, 410.59635444904774, [-0.75343917 40.16017823  0.19812589], [14.54804905  3.29686638 -3.45103151]
452, 189.62009776756793, 410.7278605975238, [-0.76741561 40.27893112  0.11389208], [-1.39764373 11.87528909 -8.42338088]
453, 605.6312740304835, 410.57183229974146, [-0.64777663 40.41044464  0.15802756], [11.96389785 13.15135196  4.41354861]
454, 418.42512020039794, 410.99339975509093, [-0.8061119  40.45768473 -0.0878115 ], [-15.83352731   4.72400913 -24.58390634]
455, 214.48195542074012, 411.35937156206404, [-7.78570172e-01  4.06151107e+01 -3.48824467e-02], [ 2.75417317 15.74259856  5.29290521]
456, 612.7872440564054, 411.3019761368874, [-0.77714856 40.66131236 -0.17849155], [  0.14216167   4.62016446 -14.36091006]
457, 457.62014248591487, 411.5922736060059, [-0.84812458 40.6378292  -0.15495054], [-7.0976027  -2.3483167   2.35410091]
458, 408.19359486006334, 411.7011779457639, [-0.84146405 40.7284357  -0.28260069], [  0.66605318   9.06065033 -12.76501503]
459, 387.0826923718853, 412.10277783952426, [-0.92690081 40.74638494 -0.36763226], [-8.54367572  1.79492441 -8.50315682]
460, 647.5926375380764, 412.5920679348247, [-1.10878874 40.60081765 -0.35913764], [-18.18879329 -14.55672962   0.84946172]
461, 767.8373611474234, 414.99035517684536, [-1.31332876 40.92869218 -0.12399861], [-20.45400228  32.78745312  23.51390265]
462, 522.3639685720764, 414.03406443810576, [-1.03947781 40.98340682  0.11632461], [27.38509526  5.47146397 24.0323218 ]
463, 389.46359430560557, 414.11601591562453, [-1.03946145 40.98487541  0.16268002], [1.63595661e-03 1.46859398e-01 4.63554184e+00]
464, 456.06906405791244, 413.80638903059736, [-0.92148069 41.10680959  0.05613742], [ 11.79807599  12.19341801 -10.65426016]
465, 552.1549514052175, 414.0797443027916, [-1.02758306 41.10564233 -0.14638885], [-10.61023652  -0.11672657 -20.25262709]
466, 416.6726622639526, 414.7294553811794, [-1.2411892  41.00220877 -0.24952495], [-21.36061412 -10.34335553 -10.31361006]
467, 391.73513630049837, 414.20727281630934, [-1.14492394 40.99321957 -0.20855376], [ 9.62652573 -0.89891998  4.0971186 ]
468, 227.23782004213254, 414.2210152286046, [-1.30784944 40.75477609 -0.27411545], [-16.29254994 -23.84434815  -6.55616819]
469, 233.86321701132997, 413.40824959732, [-1.18159527 40.71040817 -0.2443662 ], [12.62541727 -4.436792    2.9749245 ]
470, 378.38043000961517, 413.2131287831734, [-1.20578783 40.63133288 -0.34451018], [ -2.41925676  -7.90752866 -10.01439792]
471, 286.5199517561035, 414.69944755586226, [-1.40767484 40.73380195 -0.30945431], [-20.18870098  10.24690699   3.5055868 ]
472, 160.84267991612853, 414.0999638881035, [-1.40000331 40.55707634 -0.3351832 ], [  0.76715394 -17.67256116  -2.57288917]
473, 409.50109800669526, 413.49399367412764, [-1.19930094 40.68352247 -0.17320981], [20.07023679 12.64461298 16.19733905]
474, 160.34662899749907, 413.6242794104996, [-1.25507509 40.62696934 -0.17930564], [-5.57741521 -5.65531302 -0.60958246]
475, 544.7400700594269, 413.99230331261356, [-1.09792909 40.86672815  0.15170117], [15.71459961 23.97588056 33.10068095]
476, 481.7415645089562, 413.02801897825356, [-1.04151197e+00  4.07326537e+01 -2.86114418e-03], [  5.64171256 -13.40744373 -15.4562316 ]
477, 398.22124668145227, 411.51468768417925, [-0.79544106 40.69154186 -0.14574253], [ 24.60709057  -4.11118486 -14.28813854]
478, 185.41915078222138, 411.86410342570025, [-0.83042487 40.78296223 -0.23775439], [-3.4983804   9.14203734 -9.20118605]
479, 433.9787765068833, 412.5637970142166, [-0.99688659 40.760454   -0.28399724], [-16.64617289  -2.2508237   -4.62428495]
480, 326.8350558987905, 412.5511147765247, [-1.00302518 40.76694046 -0.36599883], [-0.61385865  0.64864662 -8.20015953]
481, 675.9737877213654, 412.1665819089657, [-0.99061532 40.66979772 -0.3889793 ], [ 1.24098574 -9.71427488 -2.29804679]
482, 295.1999447639486, 412.0446164510343, [-0.9407635  40.72350586 -0.45271479], [ 4.98518267  5.37081413 -6.373549  ]
483, 194.52397192305665, 411.3290198111608, [-0.86194564 40.61056977 -0.43082489], [  7.88178556 -11.29360819   2.1889903 ]
484, 389.46533088135874, 411.58072207568165, [-0.91554177 40.57275839 -0.29923212], [-5.35961324 -3.78113862 13.1592765 ]
485, 370.7995257001823, 411.5409506704258, [-0.86362503 40.57135199 -0.10396089], [ 5.19167474 -0.14064015 19.52712352]
486, 177.99035163473326, 411.48127337654483, [-8.02067358e-01  4.05918570e+01  1.78600318e-02], [ 6.15576684  2.05049911 12.18209214]
487, 165.5859940829921, 410.35594548136936, [-6.38726672e-01  4.04551915e+01 -7.75914605e-03], [ 16.3340686  -13.66655208  -2.56191779]
488, 399.7877941089422, 411.34844154419267, [-0.69842797 40.58315787  0.22272317], [-5.97012983 12.79664137 23.04823168]
489, 297.8891662223526, 411.78994378591466, [-0.75259105 40.56134637  0.34633051], [-5.41630788 -2.18115018 12.36073403]
490, 664.9024517064402, 412.22836346403494, [-0.90388259 40.61323082  0.1427414 ], [-15.12915358   5.18844499 -20.35891143]
491, 708.9043641465175, 412.6473101294733, [-1.16192169 40.41889873 -0.10364436], [-25.80391095 -19.43320858 -24.6385754 ]
492, 392.36944854937957, 412.74574930272, [-1.18994525 40.45199432 -0.2175594 ], [ -2.8023559    3.30955834 -11.39150392]
493, 915.3992624857126, 413.14926909784793, [-1.07645438 40.79886717 -0.22733016], [11.34908755 34.68728564 -0.97707664]
494, 516.0740454698013, 413.649962474637, [-1.11793071 40.85464306 -0.13494751], [-4.14763297  5.57758866  9.23826535]
495, 182.19948703659824, 413.4367445299963, [-1.04158277 40.91640679 -0.1598184 ], [ 7.63479405  6.17637297 -2.48708932]
496, 451.1841891699789, 412.80799467442904, [-1.0281791  40.71780912 -0.08089919], [  1.34036688 -19.85976731   7.89192163]
497, 129.47094346466926, 412.79468006743076, [-1.03604776e+00  4.06682272e+01 -1.05695157e-02], [-0.78686581 -4.95819533  7.03296704]
498, 421.6439985597267, 412.6583291388511, [-0.96530036 40.60264554  0.2288191 ], [ 7.07473962 -6.55816266 23.93886131]
499, 379.1615937013504, 411.8994301116545, [-0.83705461 40.56531567  0.20685346], [12.82457464 -3.7329865  -2.19656417]
500, 485.04158420643245, 413.28649496598905, [-1.0149456  40.63960117  0.36367748], [-17.78909893   7.42855029  15.68240212]
501, 408.6960839335184, 413.17187164474495, [-0.95633633 40.7479842   0.29822222], [ 5.86092762 10.83830211 -6.5455258 ]
502, 413.141288349743, 413.6416373140876, [-0.9436833  40.73321311  0.54875354], [ 1.26530296 -1.47710887 25.05313164]
503, 420.4039420913371, 413.24411573468626, [-0.91472827 40.62494415  0.56686488], [  2.89550232 -10.82689608   1.81113453]
504, 263.63075183092644, 413.3308893101423, [-0.95300062 40.47713363  0.66781113], [ -3.82723448 -14.78105125  10.09462527]
505, 397.4360614130338, 411.51829076580213, [-0.77916629 40.2826605   0.45240562], [ 17.3834332  -19.44731362 -21.54055114]
506, 410.1201557737594, 412.0527441022342, [-0.93112035 40.27468354  0.38750662], [-15.19540643  -0.79769529  -6.48990045]
507, 332.7581239062034, 412.3782203911823, [-1.01569937 40.23347976  0.38471249], [-8.45790186 -4.12037867 -0.27941316]
508, 357.91497961119205, 412.39674177709543, [-0.97054876 40.22861628  0.48666914], [ 4.51506071 -0.4863482  10.19566532]
509, 186.85982731033639, 411.9256997626674, [-0.96789365 40.20688894  0.31180184], [  0.26551096  -2.17273317 -17.4867301 ]
510, 166.28336214033033, 411.3989645862254, [-0.84161345 40.25571907  0.30253795], [12.62802019  4.88301286 -0.92638882]
511, 452.27571772118733, 412.01724839471535, [-0.99988115 40.19350007  0.29343396], [-15.8267696   -6.2219      -0.91039931]
512, 270.78056331614454, 411.76271385370194, [-0.87199573 40.21479059  0.43189099], [12.78854151  2.12905218 13.84570377]
513, 477.7973165158084, 413.007174476894, [-0.91137423 40.46097252  0.63748017], [-3.93784996 24.61819277 20.55891804]
514, 468.65285390786266, 412.78179603293495, [-1.04965153 40.22929518  0.48372944], [-13.82773017 -23.16773374 -15.37507308]
515, 596.6348268558288, 413.2640455551406, [-1.01636173 40.20165453  0.73358027], [ 3.32898017 -2.76406579 24.98508288]
516, 318.25018728741463, 413.513344685258, [-1.13190583 40.19371167  0.62479831], [-11.55441025  -0.79428576 -10.87819623]
517, 253.15272870663694, 412.7426234137474, [-0.99920507 40.05175841  0.66946869], [ 13.27007653 -14.19532607   4.4670377 ]
518, 232.49914603925004, 412.6956452883995, [-1.03099382 40.13860462  0.54879944], [ -3.17887475   8.68462075 -12.0669247 ]
519, 232.95058034957688, 412.73987961606093, [-1.16039398 40.08734848  0.33534619], [-12.94001665  -5.12561338 -21.34532493]
520, 359.5752482193564, 413.41832440744554, [-1.22243692 40.13060122  0.45166619], [-6.20429357  4.32527382 11.6320001 ]
521, 597.2325392930018, 412.37974182007457, [-1.0766137  40.10591618  0.35320186], [14.58232217 -2.4685041  -9.84643292]
522, 391.5989907833804, 412.58277407959594, [-1.19536135 39.99690802  0.24466316], [-11.87476566 -10.90081584 -10.85387022]
523, 265.3802057508823, 412.85295285465656, [-1.22888986 39.99537909  0.28813474], [-3.3528506  -0.15289297  4.34715819]
524, 334.465099779583, 411.30654915695754, [-0.96189509 40.11462201  0.10273937], [ 26.69947667  11.92429232 -18.539537  ]
525, 559.2712088431199, 412.1991154885826, [-1.11731129 39.97809096  0.26901443], [-15.54162011 -13.65310504  16.62750534]
526, 632.9642241084545, 412.159402958569, [-1.06861992 40.15065271  0.23526606], [ 4.8691377  17.25617472 -3.37483612]
527, 366.14230862579296, 410.8125097570929, [-0.87304411 40.05153558  0.12305857], [ 19.557581    -9.91171356 -11.22074952]
528, 263.91899262005944, 411.4773501288718, [-0.98205054 40.17344844  0.08308107], [-10.90064363  12.19128693  -3.99775025]
529, 541.0389618328483, 413.58500390659424, [-1.16861233 40.47168425  0.33962789], [-18.65617912  29.82358097  25.65468269]
530, 164.03838943119703, 413.35553392639883, [-1.11162224 40.37342056  0.46816372], [ 5.6990094  -9.82636951 12.85358297]
531, 307.76977212123853, 413.2393271966494, [-1.13248726 40.45107601  0.29032556], [ -2.0865015    7.76554473 -17.78381622]
532, 399.30115142714743, 413.3253625983922, [-1.05471605 40.51241202  0.44028897], [ 7.77712066  6.13360166 14.99634132]
533, 178.5176966320201, 412.9940130461437, [-1.01644568 40.47519701  0.42047857], [ 3.82703713 -3.72150169 -1.98104074]
534, 357.4392837329519, 412.5422413074003, [-0.89367371 40.543311    0.41058748], [12.27719676  6.81139907 -0.98910903]
535, 313.47878657568805, 412.3399963914798, [-0.76803439 40.67349114  0.42394236], [12.56393163 13.01801453  1.33548792]
536, 303.93393856397336, 412.0914626374579, [-0.79282102 40.67215917  0.25897017], [ -2.4786622   -0.1331977  -16.49721893]
537, 459.1161608380288, 412.7650107258594, [-0.82888239 40.7791488   0.35017072], [-3.60613708 10.69896344  9.12005569]
538, 245.17649293304808, 412.6798799713599, [-0.80609578 40.79442241  0.33788192], [ 2.27866028  1.52736109 -1.22888078]
539, 572.0093354360313, 412.5963664340491, [-0.77173207 40.87362227  0.2502489 ], [ 3.43637167  7.91998614 -8.76330183]
540, 391.6470467707494, 413.0517860693777, [-0.77193767 41.0481896   0.16706975], [-0.02055998 17.45673292 -8.31791521]
541, 495.32765056120235, 412.2563795657697, [-0.7927011  40.76892739  0.19567005], [ -2.07634345 -27.92622119   2.86003061]
542, 444.51887651387517, 412.5067968811729, [-0.75244721 40.74691412  0.43457696], [ 4.02538961 -2.20132666 23.89069073]
543, 226.86920732488593, 412.24918250279114, [-0.72440451 40.69968944  0.43696317], [ 2.80426929 -4.72246869  0.23862122]
544, 508.3137643983447, 413.13991754886587, [-0.82919606 40.72742901  0.57169901], [-10.47915496   2.77395779  13.47358417]
545, 248.77125496304694, 412.00509781838076, [-0.64269829 40.68106271  0.50480112], [18.64977712 -4.63663058 -6.68978931]
546, 284.83904645059346, 410.31695494163205, [-0.28509193 40.72689459  0.33035955], [ 35.760636     4.58318788 -17.44415736]
547, 169.26291199919433, 410.5292300724727, [-0.3343855  40.68114241  0.40238707], [-4.92935643 -4.57521745  7.20275268]
548, 357.6641238673285, 410.7613566501129, [-0.29523416 40.69354061  0.53996232], [ 3.91513342  1.23982013 13.75752425]
549, 316.5724631832037, 410.6690322980177, [-0.18394804 40.6322361   0.70467434], [11.12861187 -6.13045116 16.47120253]
550, 456.9711328934207, 410.8616255437665, [-0.23685469 40.62528596  0.71482514], [-5.29066462 -0.69501462  1.01508024]
551, 178.1015508114801, 411.27029767565125, [-0.44258261 40.487651    0.71300186], [-20.57279225 -13.76349585  -0.18232871]
552, 352.1999912739793, 410.87082045696525, [-0.47794292 40.44830575  0.55594349], [ -3.53603044  -3.93452513 -15.70583701]
553, 325.2121199619716, 410.1786870345352, [-0.40324248 40.47015183  0.37485665], [  7.47004303   2.18460817 -18.10868312]
554, 403.16528079513887, 410.63672476029, [-0.48114917 40.56369032  0.34153079], [-7.79066812  9.35384887 -3.33258654]
555, 246.14363031575672, 410.39329144484435, [-0.34379632 40.60405286  0.41858501], [13.73528414  4.03625435  7.70542206]
556, 407.25826887090057, 409.79379814361636, [-0.23728622 40.62175659  0.30291348], [ 10.6510103    1.77037337 -11.56715306]
557, 253.08729073168942, 410.5719486521203, [-0.28553401 40.68822496  0.48530928], [-4.82477877  6.64683665 18.23958037]
558, 426.30594059498554, 409.48488274342657, [-0.21631949 40.62521246  0.18292357], [  6.92145181  -6.30124977 -30.23857174]
559, 453.09034838909577, 410.20048993771474, [-0.2351289  40.75909739  0.31506695], [-1.88094132 13.38849302 13.21433831]
560, 436.89326669529703, 409.96671072451, [-0.33051468 40.37615826  0.48490671], [ -9.53857748 -38.29391291  16.98397571]
561, 510.7795606494713, 411.6580740237623, [-0.43114285 40.67588825  0.698824  ], [-10.06281709  29.97299862  21.39172979]
562, 464.817797628171, 411.43336203889635, [-0.33286543 40.90661351  0.49813537], [  9.82774201  23.07252571 -20.06886377]
563, 315.1391140314132, 412.0109671127551, [-0.3240174  40.9875772   0.63045537], [ 0.88480294  8.09636925 13.23200045]
564, 179.6133826229331, 411.58416350583553, [-0.24283154 41.02515314  0.52991087], [  8.11858613   3.7575936  -10.05444978]
565, 329.89147119235275, 412.28449856234033, [-0.35110954 41.06689112  0.59234695], [-10.82779987   4.17379842   6.24360757]
566, 461.0822491739659, 413.3317811327637, [-0.36932572 41.15983617  0.81970337], [-1.82161814  9.29450464 22.73564193]
567, 613.4620277482816, 413.34879762948805, [-0.27982564 41.35040274  0.68269075], [  8.95000846  19.05665713 -13.7012614 ]
568, 645.5290815606664, 414.1761488023142, [-0.42395682 41.26559404  0.89547975], [-14.41311806  -8.48086923  21.27889932]
569, 418.16371358027357, 414.97918369404914, [-0.49228088 41.20113871  1.12522867], [-6.83240625 -6.4455335  22.97489247]
570, 393.4523218236608, 413.9938688983337, [-0.35864529 41.02106703  1.16799657], [ 13.36355904 -18.00716827   4.27679006]
571, 252.70363838200473, 414.1218711191011, [-0.4380197  41.01077803  1.1312154 ], [-7.93744082 -1.02889974 -3.67811687]
572, 282.09417831519556, 414.1075510123657, [-0.39836732 41.00888943  1.16947621], [ 3.96523714 -0.18885992  3.82608105]
573, 380.51613428430755, 414.08265180924457, [-0.20012561 40.95640225  1.38131533], [19.82417182 -5.24871816 21.18391189]
574, 369.3710895758897, 414.7401320293113, [-0.1245171  41.06965521  1.50637344], [ 7.56085094 11.32529631 12.50581052]
575, 391.3694106484807, 415.6876303393307, [-0.24537157 41.07596536  1.62135908], [-12.0854476    0.63101498  11.49856422]
576, 498.5483025216051, 413.9016898961877, [-0.19142459 40.83928194  1.42683863], [  5.39469863 -23.66834245 -19.45204535]
577, 381.61229701739046, 413.2219219049996, [-0.16288992 40.78944919  1.32210069], [  2.85346717  -4.98327478 -10.47379338]
578, 234.8238339594681, 413.03108885967276, [-2.62288079e-02  4.08530930e+01  1.33624769e+00], [13.66611072  6.36437937  1.41469935]
579, 236.37186718210197, 413.1057286884263, [-0.10837639 40.8435724   1.29963714], [-8.21475848 -0.95205842 -3.66105513]
580, 165.1201279531984, 412.99673264449723, [-0.06757771 40.89465757  1.26760093], [ 4.07986852  5.10851664 -3.20362011]
581, 549.7593068451849, 412.5566533848746, [-0.24985543 40.74403894  1.11142566], [-18.22777223 -15.06186301 -15.61752731]
582, 402.11273832187817, 413.24674400555153, [-0.25942698 40.94031979  1.13321061], [-0.95715549 19.62808543  2.17849475]
583, 654.0439802105846, 412.6294190633113, [-0.21844721 41.02572126  0.91902638], [  4.09797715   8.5401473  -21.4184228 ]
584, 173.41188238519487, 412.44199239530377, [-0.19320352 40.93924661  0.97297335], [ 2.52436894 -8.64746536  5.39469741]
585, 698.5336197373524, 412.76707115337706, [-0.40558126 40.78598239  0.98084649], [-21.23777369 -15.32642162   0.78731383]
586, 562.1351252281471, 412.83477263188564, [-0.26930136 40.82043516  1.11030394], [13.6279904   3.44527696 12.94574431]
587, 209.30872705691723, 413.11854671308015, [-0.3156197  40.66736872  1.24848209], [ -4.63183428 -15.30664385  13.81781569]
588, 596.0067809897541, 412.69199499214983, [-0.36778823 40.51899119  1.18342306], [ -5.21685294 -14.8377536   -6.50590313]
589, 313.87741830070604, 412.2284105026577, [-0.40819633 40.40811161  1.08627105], [ -4.0408103  -11.08795749  -9.71520103]
590, 247.90717013231028, 411.6986457507077, [-0.38008697 40.11246115  1.10917092], [  2.81093668 -29.56504641   2.28998708]
591, 399.84100716506583, 412.3703432018863, [-0.39096666 40.16046121  1.24878391], [-1.08796992  4.80000599 13.96129897]
592, 573.1955910701885, 410.8430346871948, [-0.30356202 39.92096412  1.01860573], [  8.74046407 -23.94970935 -23.01781794]
593, 544.9733681546709, 410.4575770135933, [-0.17381107 39.97598482  1.01600701], [12.97509534  5.50207098 -0.25987255]
594, 118.86177690612737, 411.0003333492443, [-0.19260364 39.93513454  1.15077415], [-1.87925692 -4.08502871 13.47671399]
595, 340.51155998055344, 410.9149336892975, [-0.13440078 39.89086744  1.18584226], [ 5.82028597 -4.42670947  3.50681121]
596, 291.5936878459399, 410.3437720025827, [3.07286805e-02 3.97885198e+01 1.18589961e+00], [ 1.65129460e+01 -1.02347679e+01  5.73530781e-03]
597, 455.8397606861628, 409.38827818727265, [-0.06528567 39.89798165  0.83686164], [ -9.60143478  10.94618863 -34.90379734]
598, 796.170480528587, 410.0486786547068, [-0.23238564 40.05362255  0.8191074 ], [-16.70999776  15.56408942  -1.77542378]
599, 618.9045972577275, 410.23965452042904, [-0.23273391 40.01835614  0.88822676], [-0.0348265  -3.52664039  6.9119355 ]
600, 622.5930939111215, 411.049318566207, [-0.4841951  39.68318622  0.94883269], [-25.14611859 -33.51699235   6.06059321]
601, 183.1315581682674, 411.63100601668964, [-0.56214435 39.87133236  0.9845292 ], [-7.79492509 18.81461453  3.56965079]
602, 328.8341827811123, 411.0974575372577, [-0.54646155 39.77382139  0.877428  ], [  1.56827958  -9.75109699 -10.7101192 ]
603, 606.9352003425208, 412.9164162603944, [-0.75363785 39.92578024  1.09858509], [-20.71763025  15.19588483  22.11570841]
604, 319.9868031450845, 412.58939681895555, [-0.77304788 39.76467669  1.0298723 ], [ -1.94100245 -16.11035534  -6.871279  ]
605, 237.95315937295217, 412.556256428358, [-0.71270879 39.79569712  1.08278852], [6.03390843 3.10204317 5.2916223 ]
606, 472.11843482674595, 411.0800243074732, [-0.41360289 39.95220846  0.96675408], [ 29.9105901   15.65113424 -11.60344372]
607, 521.5244822958134, 411.7224821572158, [-0.3734384  40.12260029  1.11775056], [ 4.01644963 17.03918256 15.09964785]
608, 199.86298959261916, 411.218776918128, [-0.2809231  40.12025393  1.07310614], [ 9.2515292  -0.23463605 -4.46444207]
609, 305.179409372187, 410.68536728875733, [-0.28617482 40.27482331  0.84887709], [ -0.52517172  15.45693781 -22.42290546]
610, 336.35984071596124, 409.71668388713164, [-3.23948624e-02  4.02935872e+01  7.95593755e-01], [25.37799592  1.87639359 -5.32833321]
611, 571.5435219690487, 410.0935751563863, [-0.12856703 40.44319382  0.72426012], [-9.61721701 14.96065826 -7.13336342]
612, 632.8717297665813, 409.44128696369467, [-0.06965089 40.43366906  0.57188717], [  5.8916145   -0.95247593 -15.23729542]
613, 514.1620960774657, 410.8615023094756, [-0.44644565 40.5448224   0.51161954], [-37.67947663  11.1153332   -6.02676248]
614, 345.72618486966576, 410.87354392563685, [-0.38848628 40.55708815  0.58803503], [5.79593726 1.22657573 7.64154889]
615, 427.9015152260884, 411.64197252792394, [-0.48001469 40.55955993  0.73103094], [-9.15284134  0.24717725 14.29959085]
616, 348.6112450709886, 411.2423861553544, [-0.34997686 40.53334595  0.78227988], [13.00378337 -2.62139809  5.1248944 ]
617, 163.7162019944122, 411.0502891781467, [-0.26725841 40.57487509  0.78347191], [8.27184472 4.15291436 0.11920305]
618, 341.3817291033831, 410.0229161333388, [-0.11135476 40.62720125  0.56570187], [ 15.59036561   5.23261646 -21.77700428]
619, 582.7613853815972, 409.67536660108954, [-0.17905498 40.44784449  0.5157118 ], [ -6.77002253 -17.9356763   -4.99900745]
620, 288.36300121084906, 410.04778512148334, [-0.13559101 40.46088341  0.68866228], [ 4.34639702  1.30389218 17.29504824]
621, 329.09224028462734, 409.7592929441949, [-0.15654637 40.62188838  0.40906071], [ -2.09553589  16.10049648 -27.96015688]
622, 628.7371912755317, 409.18582345918287, [-0.13541733 40.5360215   0.28465961], [  2.11290429  -8.58668753 -12.44011025]
623, 419.59700435464595, 409.78832110840716, [-0.24772264 40.56397331  0.35212914], [-11.23053111   2.79518035   6.74695289]
624, 206.6235391667977, 409.7015472370421, [-0.22179126 40.52431825  0.39633141], [ 2.59313846 -3.96550535  4.42022726]
625, 291.1953954062675, 409.4146523162075, [-3.43770555e-02  4.06496746e+01  3.98232528e-01], [18.74141995 12.53563966  0.19011198]
626, 310.59941906668496, 408.82269956962335, [ 0.05948964 40.55208898  0.37410133], [ 9.38666912 -9.75856672 -2.41311993]
627, 302.1671453832426, 408.27209539148674, [-1.48784425e-02  4.03319784e+01  2.54241780e-01], [ -7.43680782 -22.01106027 -11.98595495]
628, 297.2131103836197, 407.8781761418588, [ 0.05784984 40.32233213  0.17898042], [ 7.27282818 -0.96462509 -7.52613611]
629, 495.3869175297929, 407.9991268294758, [ 0.15054804 40.3051343   0.36646356], [ 9.26981993 -1.71978272 18.7483141 ]
630, 309.6234052106431, 408.0633681242705, [ 0.1890765  40.14971605  0.53639678], [  3.85284627 -15.54182463  16.99332166]
631, 204.37514150475482, 408.4663599706985, [ 0.19323631 40.11428632  0.69451453], [ 0.41598097 -3.54297365 15.81177539]
632, 741.0239449985781, 408.80680454295003, [ 0.11683981 40.10709992  0.74164494], [-7.63965042 -0.71863987  4.71304098]
633, 522.0824131262708, 408.1234913015729, [ 0.27820579 39.90100551  0.73584387], [ 16.13659844 -20.60944079  -0.58010667]
634, 260.3925305497363, 408.188292814089, [ 0.39591262 39.87349235  0.84116006], [11.77068287 -2.75131659 10.53161827]
635, 130.554761525743, 408.3775294188336, [ 0.42870988 39.936351    0.89674083], [3.27972597 6.28586513 5.55807766]
636, 485.9190600143685, 408.61660676112143, [ 0.37893684 39.9842772   0.91946306], [-4.97730387  4.79262039  2.27222287]
637, 462.56999151740393, 407.95194436824573, [ 0.45859794 40.06789363  0.74538862], [  7.96611008   8.36164299 -17.40744424]
638, 390.19742692631155, 407.4812132298238, [ 0.54769773 40.10251486  0.63647967], [  8.90997869   3.46212319 -10.89089452]
639, 443.3561482028219, 407.90479566539346, [ 0.4145528 40.0250062  0.7196948], [-13.31449271  -7.7508663    8.32151233]
640, 884.8108647955198, 407.096726893344, [ 0.25576222 39.81960642  0.39496249], [-15.87905833 -20.5399783  -32.47323115]
641, 121.29111230216577, 407.53933682222146, [ 0.11690783 39.86624678  0.40951848], [-13.88543875   4.66403605   1.4555997 ]
642, 370.7527394738465, 407.48886608151065, [ 0.14983646 40.04482734  0.33722206], [ 3.29286322 17.85805622 -7.22964238]
643, 475.1012113142025, 408.18594194915636, [-1.56573398e-02  4.01608187e+01  3.55863831e-01], [-16.54938029  11.59914077   1.86417722]
644, 183.23253798342694, 407.7404285502016, [-0.04456026 40.07253297  0.18193998], [ -2.89029192  -8.82857778 -17.39238505]
645, 308.53780460197265, 408.33022996027677, [-0.20361936 39.90718353  0.3178923 ], [-15.90590994 -16.53494416  13.59523157]
646, 402.80875827948205, 407.9341620004899, [-0.04338795 39.83775051  0.39525131], [16.02314036 -6.94330218  7.73590168]
647, 269.7786192954499, 407.791089506508, [-1.25408631e-03  3.99190825e+01  3.53429550e-01], [ 4.21338685  8.13319907 -4.18217634]
648, 466.76044723734765, 407.5346226774878, [ 0.06632336 40.00181423  0.28443971], [ 6.75774425  8.27317366 -6.89898408]
649, 780.918768844988, 407.43430423169224, [ 0.11162816 40.24741784  0.10698548], [  4.53048043  24.56036066 -17.74542336]
650, 164.91382652312936, 407.5445566111915, [ 0.22763257 40.3695103   0.19540187], [11.60044064 12.20924651  8.84163972]
651, 278.7176451149555, 408.404942081065, [ 0.11323968 40.61872904  0.17110622], [-11.43928912  24.92187309  -2.42956484]
652, 203.56239381049153, 409.08608184268417, [ 0.05192711 40.76457249  0.21784931], [-6.13125619 14.58434528  4.67430857]
653, 277.4036956524382, 409.5265465262583, [-0.09055402 40.80329788  0.15512687], [-14.24811325   3.87253888  -6.27224372]
654, 275.53765813490486, 408.46077127107355, [1.59938055e-01 4.07852696e+01 5.09566561e-03], [ 25.04920736  -1.8028236  -15.00312069]
655, 224.95102396989847, 408.3572023881583, [ 0.04545476 40.70997017 -0.14145724], [-11.44832913  -7.52994743 -14.65529008]
656, 212.1050727681868, 408.9769657737304, [-1.08572897e-02  4.08000409e+01 -1.62491718e-02], [-5.63120533  9.00706931 12.52080634]
657, 561.0220469205694, 409.2722800425787, [-0.08170722 40.76877435  0.08739248], [-7.08499294 -3.12665073 10.36416548]
658, 208.87922852124854, 409.49753574935147, [-5.40864339e-02  4.09006015e+01  2.33838510e-02], [ 2.76207853 13.18271319 -6.4008632 ]
659, 194.18886342833426, 409.79904427742565, [-0.14868356 40.85532488  0.1078426 ], [-9.45971218 -4.52766049  8.44587461]
660, 406.2204306645957, 410.1961296549991, [-0.18428453 40.8832091   0.21006755], [-3.56009702  2.78842172 10.22249503]
661, 418.8637108472466, 411.0849883351217, [-0.3013558  40.99410642  0.26129769], [-11.70712787  11.08973254   5.12301448]
662, 761.6153717296628, 411.1169766493892, [-5.34143280e-01  4.08506377e+01  3.76890875e-02], [-23.27874756 -14.34687441 -22.36086048]
663, 312.2068598370984, 410.7896559075476, [-5.87712914e-01  4.06933371e+01 -3.42349584e-03], [ -5.35696341 -15.73005784  -4.11125834]
664, 499.5374370897688, 411.32792115840203, [-7.17405279e-01  4.06925383e+01 -1.96288612e-02], [-12.96923647  -0.07987692  -1.62053654]
665, 390.364614264687, 409.8144391911789, [-0.58811122 40.39002957 -0.12582011], [ 12.92940558 -30.25087606 -10.61912534]
666, 395.748750586219, 408.4799026854769, [-0.26204421 40.36085395 -0.12584771], [ 3.26067015e+01 -2.91756208e+00 -2.75915071e-03]
667, 351.24293554712426, 408.48423014925737, [-0.22657564 40.47900052 -0.24952725], [  3.54685675  11.81465729 -12.36795455]
668, 242.47263680673308, 408.2936747842369, [-0.179973   40.49810424 -0.32505094], [ 4.66026396  1.91037198 -7.5523685 ]
669, 215.06804316059817, 407.82683748284546, [-0.18317051 40.37088788 -0.54381906], [ -0.31975085 -12.72163625 -21.87681271]
670, 615.062422870017, 407.5841558186777, [-0.13064841 40.36800939 -0.6839498 ], [  5.25220955  -0.28784889 -14.01307338]
671, 251.62328327023698, 408.27573753790546, [-0.17663458 40.56042086 -0.57952993], [-4.59861686 19.24114721 10.44198691]
672, 344.157518962439, 407.66008072112703, [-0.12023155 40.41471506 -0.69825456], [  5.64030286 -14.57057989 -11.87246287]
673, 363.2823098848736, 408.00803073682766, [-0.14567872 40.51800904 -0.8382303 ], [ -2.54471674  10.32939813 -13.99757422]
674, 577.2292406183835, 408.15631792437676, [-0.20582539 40.4942567  -0.86783642], [-6.01466695 -2.37523444 -2.96061217]
675, 163.7375783965069, 407.43477348386017, [-0.07756722 40.37623744 -0.97713501], [ 12.82581743 -11.80192589 -10.92985869]
676, 538.7822977497574, 406.5723801005214, [ 0.20044128 40.37556793 -0.79029559], [27.80084936 -0.0669509  18.68394181]
677, 164.43287315919895, 406.22051892967306, [ 0.31876876 40.35813406 -0.89221984], [ 11.83274836  -1.74338697 -10.192425  ]
678, 256.477807540717, 406.3439263508268, [ 0.2973561  40.38254639 -0.95204821], [-2.14126593  2.44123227 -5.98283714]
679, 348.8410942255131, 406.29178356455816, [ 0.40310983 40.4671143  -0.73793099], [10.57537274  8.45679144 21.41172213]
680, 327.0547711672398, 406.32054690699147, [ 0.34752753 40.40698694 -0.60054847], [-5.55822955 -6.01273563 13.73825245]
681, 660.767547030124, 406.55316923024634, [ 0.35959318 40.50888313 -0.58804058], [ 1.20656457 10.18961826  1.25078829]
682, 247.4315380995673, 406.4882526404997, [ 0.3991066  40.51895182 -0.58212052], [3.95134166 1.00686974 0.59200641]
683, 282.9754637190011, 405.88312566876846, [ 0.60626976 40.46481365 -0.63060693], [20.71631619 -5.41381698 -4.84864143]
684, 242.37337526989955, 405.6667664017193, [ 0.6065389  40.39153955 -0.74497954], [  0.02691446  -7.32741078 -11.43726047]
685, 322.8905950898885, 405.99987217235144, [ 0.58903016 40.50167926 -0.65920328], [-1.75087394 11.01397173  8.57762616]
686, 434.68607361345875, 406.0941222867795, [ 0.65717158 40.58592352 -0.66117199], [ 6.81414133  8.42442522 -0.19687136]
687, 524.3876683084125, 406.078040460051, [ 0.70670701 40.58484382 -0.50688755], [ 4.95354368 -0.10796925 15.42844403]
688, 533.5454881506259, 406.0277225244343, [ 0.77010129 40.59121185 -0.4518147 ], [6.33942818 0.63680275 5.50728488]
689, 313.28112833973876, 405.85675041749926, [ 0.76980618 40.534471   -0.47993948], [-0.02951172 -5.67408454 -2.8124777 ]
690, 334.99758507318495, 405.98100611801425, [ 0.8011969  40.55186638 -0.33227558], [ 3.13907186  1.7395372  14.76638994]
691, 222.54792468839528, 405.693277961438, [ 0.84508343 40.5160967  -0.4802914 ], [  4.38865321  -3.57696761 -14.80158187]
692, 201.76074739597183, 405.73852202540746, [ 0.94055014 40.56430512 -0.41583902], [9.54667102 4.82084241 6.44523738]
693, 331.9719020759881, 405.52882492201, [ 0.92859885 40.39452258 -0.23973063], [ -1.19512905 -16.97825469  17.61083927]
694, 215.59373064400188, 405.39603397310225, [ 0.9454335  40.39313967 -0.33290248], [ 1.68346508 -0.1382906  -9.31718527]
695, 224.52968980298328, 405.0973987615639, [ 0.96636444 40.24129261 -0.29536684], [  2.0930938  -15.18470589   3.75356432]
696, 228.43887635942164, 405.18548487441, [ 0.90939979 40.2542738  -0.30168599], [-5.69646509  1.29811854 -0.63191506]
697, 377.4245415044969, 405.34216608688484, [ 1.03427134 40.31036177 -0.15608505], [12.48715564  5.60879729 14.56009386]
698, 576.2619193850194, 404.87702212519974, [ 1.09727605 40.22604265 -0.34167317], [  6.3004707   -8.43191237 -18.55881153]
699, 496.33713721881776, 404.78543896866495, [ 0.93354964 40.12151124 -0.42057856], [-16.37264094 -10.45314027  -7.89053972]
700, 466.86818734509023, 404.68047826859436, [ 1.01951853 39.95177585 -0.21524504], [  8.59688883 -16.97353936  20.53335215]
701, 218.74557601567335, 404.6713346487526, [ 0.95201386 39.95770458 -0.28253079], [-6.75046688  0.59287246 -6.72857442]
702, 687.8845816500698, 405.1648389605559, [ 0.64571187 39.84774409 -0.15627674], [-30.63019878 -10.99604869  12.62540508]
703, 150.70013068345315, 405.34644543182156, [ 0.55476939 39.85648452 -0.15304427], [-9.0942485   0.87404261  0.32324642]
704, 268.8495868748547, 405.4034700481243, [ 0.66060195 40.02059269 -0.12689978], [10.58325605 16.41081723  2.61444941]
705, 187.40265595776594, 405.73840685686287, [ 0.56371209 40.0382974  -0.04559741], [-9.68898557  1.77047155  8.13023656]
706, 110.59067306618392, 406.19726621766785, [ 3.81652681e-01  4.00624079e+01 -2.13599365e-02], [-18.20594102   2.41105217   2.42374757]
707, 348.64678172447765, 406.62489319023484, [ 0.22481648 39.86502969  0.14140698], [-15.68361995 -19.73782341  16.2766918 ]
708, 159.36261068068265, 406.6777899081191, [ 0.3037945  39.93147776  0.22045743], [7.89780168 6.64480736 7.90504521]
709, 577.5460634989905, 406.4814426660773, [ 0.37031336 39.81400847  0.25692665], [  6.65188575 -11.74692978   3.64692143]
710, 355.65279560440774, 406.3362728525441, [ 0.3667113  39.80376754  0.19403019], [-0.3602056  -1.02409238 -6.28964554]
711, 452.0563767303682, 406.55734643287616, [ 0.20186289 39.77409034  0.12464148], [-16.48484076  -2.96772012  -6.93887102]
712, 375.5220902822201, 407.04829176292515, [ 0.03998938 39.86644671  0.10168873], [-16.18735133   9.2356371   -2.29527541]
713, 370.55322288619857, 407.65231728158824, [-0.11314142 39.8520546   0.17641658], [-15.31307982  -1.4392109    7.47278525]
714, 119.12386379169004, 407.51251036212335, [-1.61308112e-02  3.99173156e+01  2.15948202e-01], [9.70106081 6.52610208 3.95316214]
715, 364.99160893082257, 407.28318069882266, [ 0.10177802 39.97732469  0.23211871], [11.79088355  6.00090691  1.6170506 ]
716, 188.85789969892284, 407.5979282497643, [-0.04351467 40.10300092  0.08736648], [-14.52926977  12.56762227 -14.47522307]
717, 362.15798508892215, 407.4707560873982, [2.63459576e-02 4.01295866e+01 1.08344407e-01], [6.9860631  2.65856741 2.09779292]
718, 390.1156895190503, 408.04159005039406, [-0.07407226 40.1671531   0.20753349], [-10.04182204   3.75665084   9.91890867]
719, 271.2863350227717, 409.14103372758683, [-0.29902583 40.27763697  0.27107453], [-22.49535703  11.04838726   6.3541032 ]
720, 482.2423413472519, 408.5430418003125, [-0.28782457 40.20200195  0.06351965], [  1.12012603  -7.56350179 -20.75548733]
721, 434.1652455665543, 407.7341531349241, [-0.10390848 40.24329971 -0.09639344], [ 18.39160949   4.12977536 -15.99130945]
722, 435.13809136472327, 406.9456387658829, [-7.02643147e-03  4.00969906e+01 -2.55257896e-01], [  9.68820465 -14.63091058 -15.88644537]
723, 248.13511184515477, 407.3004051767285, [-0.1247824  40.12581984 -0.31661742], [-11.7755971    2.88292431  -6.13595257]
724, 660.4986178033586, 408.47837512891505, [-0.24683343 40.45653066 -0.26924705], [-12.20510322  33.07108134   4.73703755]
725, 185.05005702357127, 409.09978672364866, [-0.36669114 40.53486778 -0.2912994 ], [-11.98577082   7.83371223  -2.20523555]
726, 724.4765395567136, 409.11255423755784, [-0.54126909 40.31377533 -0.45073339], [-17.45779466 -22.1092445  -15.94339879]
727, 278.43530384193855, 409.67315701040826, [-0.70119767 40.18723685 -0.28529309], [-15.99285829 -12.65384864  16.54402972]
728, 382.7060551576395, 409.12261770882463, [-0.58943574 40.17984795 -0.33886695], [11.17619289 -0.73888957 -5.35738563]
729, 459.10061415303863, 408.01386110610343, [-0.33550245 40.15716408 -0.40327709], [25.39332965 -2.26838722 -6.44101438]
730, 228.4010517401197, 408.0104831773913, [-0.33967229 40.13585071 -0.37930262], [-0.41698399 -2.1313373   2.39744691]
731, 658.0452058124398, 408.66537836103527, [-0.4357919  40.1587995  -0.16019694], [-9.61196107  2.29487886 21.91056869]
732, 358.8768711147121, 408.67948146088105, [-0.49382975 40.12324345 -0.28328014], [ -5.80378483  -3.55560473 -12.3083199 ]
733, 727.0362901680775, 410.3936816347936, [-0.71246475 40.37790784 -0.07494067], [-21.86350074  25.46643919  20.8339461 ]
734, 377.7292224146413, 409.41833705261786, [-4.70715685e-01  4.03712865e+01 -3.68409283e-02], [24.17490682 -0.66213264  3.80997464]
735, 308.09628061978714, 410.381172976875, [-6.27759095e-01  4.04869555e+01 -1.22905816e-02], [-15.704341    11.56689963   2.45503466]
736, 851.7755982846202, 410.19020506802104, [-0.41798332 40.6185079   0.17407389], [20.97757788 13.15523848 18.63644724]
737, 519.1314232515649, 410.32018244569326, [-0.40199933 40.70399401  0.1472376 ], [ 1.59839879  8.54861111 -2.68362915]
738, 232.50356677605828, 410.09017876206025, [-0.38786885 40.51652278  0.31179222], [  1.41304813 -18.74712257  16.45546221]
739, 435.728777321704, 410.32460023942474, [-0.33409809 40.58646638  0.42398438], [ 5.37707523  6.99435956 11.21921569]
740, 406.4276826039023, 410.235601765832, [-0.37372806 40.60016763  0.3045231 ], [ -3.96299693   1.37012559 -11.94612755]
741, 560.1228717104167, 409.9883064142175, [-0.19779033 40.62153365  0.44662305], [17.59377385  2.13660215 14.20999504]
742, 154.20180076764004, 409.69928607784385, [-0.16481026 40.61998792  0.37386674], [ 3.29800629 -0.15457367 -7.27563155]
743, 456.0876051776234, 409.27906811187626, [-0.17927741 40.62532689  0.14116485], [ -1.44671519   0.5338977  -23.27018879]
744, 383.13855643546316, 409.64135652034497, [-0.21700413 40.70279515  0.14909029], [-3.77267119  7.74682541  0.79254448]
745, 190.4268814353985, 408.9421230457241, [-0.04469521 40.65055024  0.15984424], [17.23089134 -5.22449075  1.07539445]
746, 251.07811513413216, 408.5163751462785, [2.16419744e-02 4.05607087e+01 1.68976871e-01], [ 6.63371874 -8.98415577  0.91326324]
747, 527.8182249496145, 408.77215956744374, [-3.78435872e-02  4.05687321e+01  1.95984149e-01], [-5.94855616  0.80234094  2.70072777]
748, 340.0150043533034, 409.49341648140114, [-0.04859239 40.74318097  0.2969508 ], [-1.07487983 17.44488826 10.09666511]
749, 239.4902779972428, 409.5379417434367, [-0.09404914 40.67876478  0.33502618], [-4.54567533 -6.44161905  3.80753829]
750, 396.9647280979264, 409.83250438599936, [-0.16518419 40.63817392  0.4094494 ], [-7.11350513 -4.05908662  7.4423213 ]
751, 381.91055912385735, 409.94438444829376, [-0.29128491 40.66377717  0.22740544], [-12.61007174   2.56032527 -18.20439563]
752, 841.6103919193772, 410.3692035767642, [-0.5078688  40.45640114  0.29199199], [-21.65838973 -20.73760278   6.45865505]
753, 380.94981611833765, 410.06279176146995, [-0.37190268 40.46114899  0.38488392], [13.59661271  0.474785    9.28919335]
754, 581.3230403838162, 409.45609933217236, [-0.28613317 40.3046946   0.40396167], [  8.57695032 -15.64543974   1.90777454]
755, 373.2621089615642, 409.02160104253994, [-0.21999593 40.15631214  0.43142185], [  6.61372412 -14.83824589   2.74601782]
756, 142.48270743522082, 409.13863269454106, [-0.26043501 40.13546884  0.43625304], [-4.04390809 -2.08432995  0.48311899]
757, 209.9941813222014, 409.24810287592436, [-0.30938167 40.15326904  0.39923012], [-4.89466602  1.78001976 -3.70229191]
758, 416.4192000597278, 409.5042079317441, [-0.32408418 40.12594283  0.49589003], [-1.47025043 -2.73262037  9.66599098]
759, 94.4707237113305, 409.4682535249829, [-0.3397971  40.1098764   0.47051535], [-1.57129234 -1.60664343 -2.53746767]
760, 532.2550203860918, 409.8541892685584, [-0.36418844 40.12664396  0.57001135], [-2.43913415  1.67675663  9.94959982]
761, 299.5075202477277, 408.8789608278874, [-0.16161011 39.99607671  0.54021225], [ 20.2578334  -13.05672566  -2.9799101 ]
762, 1073.1647187594797, 410.18237813345183, [-0.43031408 40.16553594  0.5762556 ], [-26.87039744  16.94592356   3.60433483]
763, 450.3023597460127, 409.00460278745567, [-0.11113786 40.07662723  0.60194952], [31.91762218 -8.89087121  2.5693919 ]
764, 471.919841280469, 408.7019240218877, [-0.07400837 40.16907225  0.48334957], [  3.71294924   9.24450201 -11.85999415]
765, 118.95200488017039, 408.7910608280423, [-0.08414912 40.18125064  0.49717061], [-1.01407468  1.21783925  1.3821034 ]
766, 326.41894052274785, 408.55397716966297, [-0.04551168 40.06550566  0.52073427], [  3.86374359 -11.57449806   2.35636634]
767, 162.80011433056464, 408.4944712377799, [-0.05255768 40.18291376  0.41997759], [ -0.70460004  11.74081008 -10.07566849]
768, 446.1553392311072, 408.2102552847459, [2.11477707e-02 4.03651062e+01 2.43554611e-01], [  7.37054518  18.2192429  -17.64229761]
769, 154.2274430791808, 407.71018514146687, [ 0.16770092 40.3544687   0.2143527 ], [14.65531473 -1.06374936 -2.92019126]
770, 560.9181462815088, 407.66321477873464, [3.54971684e-02 4.03349067e+01 1.34743473e-02], [-13.22037496  -1.95619938 -20.08783509]
771, 173.01319988120545, 408.0293890132626, [-0.07218563 40.32359867  0.04795667], [-10.76827937  -1.13080311   3.4482323 ]
772, 340.507745804128, 408.48062646833887, [-0.07260293 40.50339757  0.069301  ], [-0.04173085 17.97988941  2.13443248]
773, 236.42182506904473, 408.54732634851985, [-0.08588866 40.49498006  0.09468469], [-1.32857263 -0.84175113  2.53836916]
774, 451.59751961436893, 409.55996608070535, [-0.37904632 40.2752534   0.32940077], [-29.31576567 -21.97266516  23.47160872]
775, 208.41831721399512, 409.3711860926323, [-0.32250978 40.17582132  0.41426176], [ 5.65365345 -9.94320854  8.48609888]
776, 200.3597189625707, 408.4315443115868, [-0.18953294 40.13443769  0.24031794], [ 13.29768451  -4.13836317 -17.39438268]
777, 374.6922401094625, 408.61624424799544, [-0.22029136 40.19726325  0.22654789], [-3.07584274  6.28255576 -1.37700473]
778, 311.29275296772573, 407.9485413894451, [-0.06970097 40.06053575  0.2508969 ], [ 15.05903922 -13.67274956   2.4349009 ]
779, 184.39225029664476, 407.1907187637517, [ 0.04224663 39.91487901  0.147162  ], [ 11.19476015 -14.5656735  -10.3734896 ]
780, 330.02802424780873, 407.86858611374197, [-0.13673086 39.98209063  0.16672938], [-17.89774917   6.72116179   1.95673758]
781, 504.8975780231772, 408.09791632835737, [-0.19085057 39.98277923  0.19048251], [-5.41197098  0.06886007  2.37531336]
782, 260.09384814732005, 407.944543727205, [-0.17437447 40.04020219  0.10044618], [ 1.64761064  5.74229543 -9.0036336 ]
783, 758.5051665266744, 407.76486558128715, [-2.66231859e-01  3.98155418e+01 -9.72869530e-03], [ -9.18573932 -22.46604308 -11.01748703]
784, 662.9938043744004, 408.6363474145417, [-0.41781158 39.7216618   0.20020094], [-15.15797235  -9.38799565  20.99296393]
785, 463.0424908537287, 408.79827651074476, [-0.41338246 39.64042981  0.30490517], [ 0.44291196 -8.12319856 10.47042306]
786, 413.905441543836, 407.8554341597973, [-0.26116094 39.67887468  0.11470754], [ 15.2221521    3.84448626 -19.01976309]
787, 409.6335602576093, 408.7849705868926, [-0.42176043 39.63513006  0.28762891], [-16.05994876  -4.37446162  17.29213633]
788, 190.6673307554875, 408.43603753768343, [-0.31573614 39.69856136  0.28500424], [10.60242914  6.34312961 -0.26246658]
789, 495.50473624864645, 408.69775536143453, [-0.49590481 39.42100391  0.16648818], [-18.01686689 -27.75574428 -11.85160641]
790, 275.49293722603545, 408.7579116249682, [-0.52251106 39.4702495   0.13903415], [-2.66062556  4.92455805 -2.74540224]
791, 379.73333381268424, 409.4819249899949, [-0.70919111 39.49553366  0.11104395], [-18.66800498   2.52841607  -2.79902052]
792, 757.1109102274997, 408.86367439620403, [-6.11052176e-01  3.95409147e+01 -7.17266487e-03], [  9.81389369   4.5380996  -11.82166145]
793, 462.2946772431882, 409.013773058353, [-0.67784501 39.60901258 -0.11215409], [ -6.67928295   6.80979314 -10.49814254]
794, 330.8255946047951, 408.8561410765087, [-5.86510616e-01  3.97348462e+01 -3.74474133e-02], [ 9.13343891 12.58336149  7.4706677 ]
795, 125.06824183476674, 408.4679829016609, [-4.97421842e-01  3.96841622e+01 -2.76234241e-02], [ 8.90887739 -5.06840001  0.98239892]
796, 306.21915620533076, 408.6978791864522, [-0.514835   39.89804508 -0.06909264], [-1.7413156  21.38828823 -4.14692146]
797, 575.3133554204326, 408.8368604120356, [-0.43745612 39.98966596  0.11198007], [ 7.7378877   9.16208833 18.10727066]
798, 513.4894096382096, 409.60216699672134, [-0.47797353 40.22100326  0.22300329], [-4.0517413  23.13372946 11.1023225 ]
799, 143.75132352892481, 409.72736837500736, [-0.42504861 40.3826155   0.22218106], [ 5.29249193 16.16122458 -0.0822231 ]
