epoch, loss, acc
0,0.0972134439945221,0.62
1,0.09721020126342773,0.62
2,0.0972069640159607,0.62
3,0.09720373392105103,0.62
4,0.09720051050186157,0.62
5,0.0971972930431366,0.62
6,0.09719408130645751,0.62
7,0.09719088006019592,0.62
8,0.09718768286705017,0.62
9,0.09718449330329895,0.62
10,0.09718130850791931,0.62
11,0.09717813324928283,0.62
12,0.09717496132850648,0.62
13,0.09717179989814759,0.62
14,0.09716864371299744,0.62
15,0.09716549348831177,0.62
16,0.09716234993934632,0.62
17,0.09715921425819397,0.62
18,0.09715608263015747,0.62
19,0.09715296053886413,0.62
20,0.09714984273910522,0.62
21,0.0971467318534851,0.62
22,0.09714362835884094,0.62
23,0.09714053297042846,0.63
24,0.09713743901252747,0.63
25,0.09713435506820679,0.63
26,0.09713127899169922,0.63
27,0.09712820887565612,0.63
28,0.09712514305114746,0.63
29,0.0971220829486847,0.63
30,0.09711902999877929,0.63
31,0.0971159851551056,0.63
32,0.09711294627189636,0.63
33,0.09710991287231445,0.63
34,0.0971068856716156,0.63
35,0.09710386562347412,0.63
36,0.09710085272789001,0.63
37,0.0970978443622589,0.63
38,0.0970948441028595,0.63
39,0.09709184861183166,0.63
40,0.09708886075019836,0.63
41,0.09708587670326232,0.63
42,0.09708289861679077,0.63
43,0.0970799298286438,0.63
44,0.0970769681930542,0.63
45,0.09707401061058045,0.63
46,0.09707106018066407,0.63
47,0.09706811428070068,0.63
48,0.09706517457962036,0.63
49,0.09706224179267883,0.63
50,0.09705931615829468,0.63
51,0.09705639505386353,0.63
52,0.09705347967147827,0.63
53,0.09705057191848755,0.63
54,0.09704767107963562,0.63
55,0.09704477453231812,0.63
56,0.09704188537597656,0.63
57,0.09703900003433227,0.63
58,0.09703612279891968,0.63
59,0.09703325128555298,0.63
60,0.09703038597106933,0.63
61,0.09702752709388733,0.63
62,0.09702467155456543,0.63
63,0.09702182507514953,0.63
64,0.09701898264884949,0.63
65,0.09701614689826965,0.63
66,0.09701331686973572,0.63
67,0.09701049399375916,0.63
68,0.09700767660140991,0.63
69,0.09700486326217651,0.63
70,0.09700205755233765,0.63
71,0.09699925756454468,0.63
72,0.0969964632987976,0.63
73,0.09699367547035218,0.63
74,0.09699089312553406,0.63
75,0.09698811483383178,0.63
76,0.09698534560203552,0.63
77,0.09698258090019227,0.63
78,0.09697981905937195,0.63
79,0.09697706723213195,0.63
80,0.09697432041168214,0.63
81,0.09697157883644104,0.63
82,0.09696884226799012,0.63
83,0.09696611309051514,0.63
84,0.09696338748931885,0.63
85,0.09696066880226135,0.63
86,0.0969579565525055,0.63
87,0.09695525026321411,0.63
88,0.09695254564285279,0.63
89,0.09694985055923462,0.63
90,0.09694716143608094,0.63
91,0.09694447612762451,0.63
92,0.09694179558753967,0.63
93,0.09693912363052368,0.63
94,0.09693645572662353,0.63
95,0.09693379378318787,0.63
96,0.09693113875389099,0.63
97,0.09692848658561706,0.63
98,0.09692584180831909,0.63
99,0.09692319989204407,0.63
100,0.09692056655883789,0.63
101,0.09691793775558472,0.63
102,0.09691531467437745,0.63
103,0.09691269731521607,0.63
104,0.09691008377075196,0.63
105,0.09690747904777527,0.63
106,0.09690487551689148,0.63
107,0.09690228128433227,0.63
108,0.09689968919754029,0.63
109,0.09689710521697999,0.63
110,0.09689452815055848,0.63
111,0.09689195370674134,0.63
112,0.09688938355445861,0.63
113,0.09688682103157044,0.63
114,0.09688426446914673,0.63
115,0.09688170981407165,0.63
116,0.09687916445732117,0.63
117,0.09687662196159363,0.63
118,0.09687408590316772,0.63
119,0.09687155508995056,0.63
120,0.09686902856826782,0.63
121,0.09686650824546814,0.63
122,0.09686399412155151,0.63
123,0.09686148262023926,0.63
124,0.09685897946357727,0.63
125,0.0968564805984497,0.63
126,0.09685398674011231,0.63
127,0.09685149788856506,0.63
128,0.09684901452064514,0.63
129,0.09684653615951538,0.63
130,0.09684406280517578,0.63
131,0.09684159445762634,0.63
132,0.09683913230895996,0.63
133,0.09683667373657226,0.63
134,0.09683421993255616,0.63
135,0.09683177423477173,0.63
136,0.0968293309211731,0.63
137,0.09682689452171325,0.63
138,0.09682446265220643,0.63
139,0.09682203459739686,0.63
140,0.09681961393356323,0.63
141,0.0968171980381012,0.63
142,0.09681478500366211,0.63
143,0.09681237888336182,0.63
144,0.09680997705459594,0.63
145,0.09680758047103882,0.63
146,0.09680518889427185,0.63
147,0.09680280256271362,0.63
148,0.09680041909217835,0.63
149,0.09679804444313049,0.63
150,0.0967956702709198,0.63
151,0.09679330444335937,0.63
152,0.09679094219207764,0.63
153,0.09678858542442322,0.63
154,0.09678623366355896,0.63
155,0.09678388643264771,0.63
156,0.0967815454006195,0.63
157,0.09677920746803284,0.63
158,0.09677687454223632,0.63
159,0.09677454829216003,0.63
160,0.09677222490310669,0.63
161,0.09676990652084351,0.63
162,0.09676759243011475,0.63
163,0.09676528644561767,0.63
164,0.09676298236846924,0.63
165,0.0967606840133667,0.63
166,0.09675838804244995,0.63
167,0.0967561001777649,0.63
168,0.09675381374359131,0.63
169,0.09675153517723084,0.63
170,0.09674926090240478,0.63
171,0.096746990442276,0.63
172,0.09674472522735596,0.63
173,0.09674246430397034,0.63
174,0.09674020671844483,0.63
175,0.09673795795440673,0.63
176,0.09673571014404297,0.63
177,0.09673346877098084,0.63
178,0.0967312297821045,0.63
179,0.09672899723052979,0.63
180,0.09672676801681518,0.63
181,0.09672454476356507,0.63
182,0.09672232627868653,0.63
183,0.09672011113166809,0.63
184,0.09671790075302124,0.63
185,0.0967156949043274,0.63
186,0.09671349453926087,0.63
187,0.09671129846572876,0.63
188,0.0967091076374054,0.63
189,0.09670691895484924,0.63
190,0.09670473456382751,0.63
191,0.09670255851745606,0.63
192,0.09670038414001465,0.63
193,0.09669821453094482,0.63
194,0.09669605112075806,0.63
195,0.09669388842582703,0.63
196,0.09669173336029052,0.63
197,0.09668958187103271,0.63
198,0.09668743324279785,0.63
199,0.0966852924823761,0.63
200,0.09668315267562866,0.63
201,0.09668101787567139,0.63
202,0.09667888879776002,0.63
203,0.09667676401138306,0.63
204,0.09667464327812195,0.63
205,0.09667252802848816,0.63
206,0.09667041301727294,0.63
207,0.09666830635070801,0.63
208,0.09666620278358459,0.63
209,0.09666410207748413,0.63
210,0.09666200757026672,0.63
211,0.09665991854667663,0.63
212,0.09665783047676087,0.63
213,0.096655748128891,0.63
214,0.09665367007255554,0.63
215,0.09665159678459168,0.63
216,0.0966495270729065,0.63
217,0.09664746046066285,0.63
218,0.09664539980888366,0.63
219,0.09664334201812744,0.64
220,0.09664128994941712,0.64
221,0.09663924074172973,0.64
222,0.09663719582557678,0.64
223,0.09663515448570252,0.64
224,0.09663311839103698,0.64
225,0.09663108706474305,0.64
226,0.09662905859947205,0.64
227,0.09662703490257263,0.64
228,0.0966250147819519,0.64
229,0.09662299895286561,0.64
230,0.09662098741531372,0.64
231,0.09661897802352905,0.64
232,0.09661697483062744,0.64
233,0.09661497592926026,0.64
234,0.09661297965049744,0.64
235,0.09661098861694337,0.64
236,0.09660900044441223,0.64
237,0.0966070168018341,0.64
238,0.09660503649711609,0.64
239,0.09660306096076965,0.64
240,0.09660108971595764,0.64
241,0.09659911966323853,0.64
242,0.09659715890884399,0.64
243,0.09659519863128663,0.64
244,0.0965932412147522,0.64
245,0.09659128952026368,0.64
246,0.0965893394947052,0.64
247,0.0965873966217041,0.64
248,0.09658545637130737,0.64
249,0.0965835189819336,0.64
250,0.09658158612251282,0.64
251,0.09657965636253357,0.64
252,0.0965777313709259,0.64
253,0.09657581043243409,0.64
254,0.0965738935470581,0.64
255,0.09657197952270508,0.64
256,0.09657007026672364,0.64
257,0.09656816387176513,0.64
258,0.09656626033782958,0.64
259,0.09656436133384705,0.64
260,0.09656246709823608,0.64
261,0.09656057667732239,0.64
262,0.09655868840217591,0.64
263,0.09655680418014527,0.64
264,0.09655492448806763,0.64
265,0.09655304789543152,0.64
266,0.09655117511749267,0.64
267,0.09654930782318115,0.64
268,0.0965474410057068,0.64
269,0.096545578956604,0.64
270,0.09654371929168701,0.64
271,0.09654186749458313,0.64
272,0.0965400161743164,0.64
273,0.09653816699981689,0.64
274,0.0965363233089447,0.64
275,0.09653448367118836,0.64
276,0.0965326476097107,0.64
277,0.0965308153629303,0.64
278,0.09652898383140564,0.64
279,0.09652715706825256,0.64
280,0.09652533650398254,0.64
281,0.09652351641654969,0.64
282,0.09652170205116271,0.64
283,0.09651988911628723,0.64
284,0.09651808190345765,0.64
285,0.09651627612113953,0.64
286,0.09651447606086731,0.64
287,0.09651267766952515,0.64
288,0.09651088094711303,0.64
289,0.09650908923149108,0.64
290,0.09650730347633361,0.64
291,0.09650551795959472,0.64
292,0.096503737449646,0.64
293,0.09650195980072021,0.64
294,0.0965001859664917,0.64
295,0.09649841332435607,0.64
296,0.09649664616584777,0.64
297,0.09649488234519958,0.64
298,0.09649311995506286,0.64
299,0.09649136304855346,0.64
300,0.09648960947990418,0.64
301,0.09648785853385926,0.64
302,0.09648610973358154,0.64
303,0.09648436760902404,0.64
304,0.09648262524604798,0.64
305,0.09648088550567627,0.64
306,0.09647915244102478,0.64
307,0.09647741985321046,0.64
308,0.09647569227218628,0.64
309,0.09647396636009216,0.64
310,0.09647224473953248,0.64
311,0.09647052717208862,0.64
312,0.09646881175041198,0.64
313,0.09646709966659546,0.64
314,0.09646538996696472,0.64
315,0.09646368384361267,0.64
316,0.09646198153495789,0.64
317,0.096460280418396,0.64
318,0.09645858430862427,0.64
319,0.09645689010620118,0.64
320,0.09645519924163819,0.64
321,0.09645351099967957,0.64
322,0.09645182800292969,0.64
323,0.0964501473903656,0.64
324,0.09644846844673156,0.64
325,0.0964467933177948,0.64
326,0.0964451208114624,0.64
327,0.09644345235824585,0.64
328,0.09644178485870361,0.64
329,0.09644012069702149,0.64
330,0.09643846249580383,0.64
331,0.09643680262565613,0.64
332,0.09643515014648438,0.64
333,0.09643349981307983,0.64
334,0.09643184924125671,0.64
335,0.09643020272254944,0.64
336,0.09642856168746948,0.64
337,0.09642692184448243,0.64
338,0.09642528462409973,0.64
339,0.09642364883422852,0.64
340,0.09642201900482178,0.64
341,0.09642039132118226,0.64
342,0.09641876554489136,0.64
343,0.09641714215278625,0.64
344,0.09641552400588989,0.64
345,0.09641390728950501,0.64
346,0.09641229224205017,0.64
347,0.09641068124771118,0.64
348,0.09640907287597657,0.64
349,0.09640746712684631,0.64
350,0.0964058632850647,0.64
351,0.09640426301956177,0.64
352,0.09640266680717469,0.64
353,0.09640107202529907,0.64
354,0.0963994791507721,0.64
355,0.09639789032936096,0.64
356,0.09639630389213562,0.64
357,0.09639471936225891,0.64
358,0.09639313769340516,0.64
359,0.09639155793190002,0.64
360,0.09638998341560363,0.64
361,0.09638841032981872,0.64
362,0.09638683938980103,0.64
363,0.09638527250289917,0.64
364,0.0963837068080902,0.64
365,0.09638214302062988,0.64
366,0.09638058400154113,0.64
367,0.09637902474403381,0.64
368,0.09637747073173523,0.64
369,0.09637591743469238,0.64
370,0.0963743691444397,0.64
371,0.09637282133102416,0.64
372,0.09637127780914306,0.64
373,0.09636973571777344,0.64
374,0.09636819458007813,0.64
375,0.09636665678024292,0.64
376,0.09636512303352356,0.64
377,0.09636359071731568,0.64
378,0.09636206197738648,0.64
379,0.09636053490638732,0.64
380,0.09635901165008545,0.64
381,0.09635748767852784,0.64
382,0.09635596752166747,0.64
383,0.09635445117950439,0.64
384,0.09635293674468993,0.64
385,0.09635142350196839,0.64
386,0.09634991478919983,0.64
387,0.0963484058380127,0.64
388,0.0963468997478485,0.64
389,0.09634539675712585,0.64
390,0.09634389781951905,0.64
391,0.09634240007400513,0.64
392,0.09634090447425843,0.64
393,0.09633941149711608,0.64
394,0.09633792066574097,0.64
395,0.09633643174171448,0.64
396,0.09633494663238526,0.64
397,0.09633346223831177,0.64
398,0.09633198237419129,0.64
399,0.09633050179481506,0.64
400,0.0963290240764618,0.64
401,0.09632754945755005,0.64
402,0.0963260772228241,0.64
403,0.09632460737228393,0.64
404,0.0963231406211853,0.64
405,0.09632167482376099,0.64
406,0.0963202109336853,0.64
407,0.09631875109672547,0.64
408,0.09631729245185852,0.64
409,0.09631583595275879,0.64
410,0.09631438112258911,0.64
411,0.09631292939186097,0.64
412,0.09631147861480713,0.64
413,0.09631003189086915,0.64
414,0.09630858659744262,0.64
415,0.09630714249610901,0.64
416,0.0963057029247284,0.64
417,0.09630426573753358,0.64
418,0.09630282855033874,0.64
419,0.09630139350891113,0.64
420,0.09629996085166931,0.64
421,0.09629853010177612,0.64
422,0.09629710364341736,0.64
423,0.09629567670822144,0.64
424,0.09629425382614136,0.64
425,0.09629283165931701,0.64
426,0.09629141449928284,0.64
427,0.09628999447822571,0.64
428,0.09628858041763305,0.64
429,0.09628716897964477,0.64
430,0.0962857575416565,0.64
431,0.09628434920310974,0.64
432,0.09628294181823731,0.64
433,0.0962815375328064,0.64
434,0.09628013324737549,0.64
435,0.09627873539924621,0.64
436,0.09627733612060548,0.64
437,0.09627593970298767,0.64
438,0.09627454423904419,0.64
439,0.0962731535434723,0.64
440,0.09627176284790039,0.64
441,0.09627037644386291,0.64
442,0.09626898860931396,0.64
443,0.0962676067352295,0.64
444,0.09626622438430786,0.64
445,0.09626484322547912,0.64
446,0.0962634687423706,0.64
447,0.09626209163665772,0.64
448,0.09626071786880493,0.64
449,0.09625934743881226,0.64
450,0.09625797605514526,0.64
451,0.09625661015510559,0.64
452,0.09625524425506592,0.64
453,0.09625388097763062,0.64
454,0.09625251746177674,0.64
455,0.09625115966796875,0.64
456,0.09624980092048645,0.64
457,0.09624844789505005,0.64
458,0.0962470920085907,0.64
459,0.09624574041366576,0.64
460,0.09624439024925233,0.64
461,0.09624304342269897,0.64
462,0.09624169802665711,0.64
463,0.0962403552532196,0.64
464,0.09623901200294495,0.64
465,0.09623767161369323,0.64
466,0.0962363350391388,0.64
467,0.09623499846458435,0.64
468,0.09623366403579713,0.64
469,0.09623233389854431,0.64
470,0.09623100209236145,0.64
471,0.09622967553138732,0.64
472,0.09622834920883179,0.64
473,0.09622702455520629,0.64
474,0.09622570204734802,0.64
475,0.09622438263893128,0.64
476,0.096223064661026,0.64
477,0.09622174668312072,0.64
478,0.09622043347358704,0.64
479,0.09621912169456481,0.64
480,0.0962178111076355,0.64
481,0.09621650290489196,0.64
482,0.09621519446372986,0.64
483,0.09621389222145081,0.64
484,0.09621258878707886,0.64
485,0.09621128749847412,0.64
486,0.09620998883247375,0.64
487,0.09620869302749634,0.64
488,0.09620739698410034,0.64
489,0.09620610451698303,0.64
490,0.09620481204986572,0.64
491,0.09620352506637574,0.64
492,0.09620223712921143,0.64
493,0.09620095205307007,0.64
494,0.09619966769218445,0.64
495,0.09619838476181031,0.64
496,0.096197105884552,0.64
497,0.09619582962989807,0.64
498,0.09619455242156982,0.64
499,0.09619327831268311,0.64
500,0.0961920063495636,0.64
501,0.09619073629379273,0.64
502,0.09618946957588195,0.64
503,0.09618820309638977,0.64
504,0.09618693971633911,0.64
505,0.0961856780052185,0.64
506,0.09618441677093506,0.64
507,0.09618315601348877,0.64
508,0.09618190050125122,0.64
509,0.09618064403533935,0.64
510,0.09617939209938049,0.64
511,0.09617814087867736,0.64
512,0.09617689180374145,0.64
513,0.09617564368247986,0.64
514,0.09617440009117126,0.64
515,0.0961731562614441,0.64
516,0.0961719148159027,0.64
517,0.09617067432403564,0.64
518,0.09616943883895875,0.64
519,0.09616820216178894,0.64
520,0.09616696739196777,0.64
521,0.09616573619842529,0.64
522,0.09616450667381286,0.64
523,0.09616327834129333,0.64
524,0.09616205167770386,0.64
525,0.09616082835197448,0.64
526,0.09615960621833801,0.64
527,0.09615838766098023,0.64
528,0.09615716648101806,0.64
529,0.0961559498310089,0.64
530,0.09615473389625549,0.64
531,0.09615352272987365,0.64
532,0.09615230965614319,0.64
533,0.0961511025428772,0.64
534,0.09614989471435546,0.64
535,0.09614869022369385,0.64
536,0.09614748692512512,0.64
537,0.09614628314971924,0.64
538,0.09614508533477784,0.64
539,0.09614388704299927,0.64
540,0.09614269161224365,0.64
541,0.09614149737358094,0.64
542,0.09614030528068543,0.64
543,0.09613911557197571,0.64
544,0.09613792872428895,0.64
545,0.09613673925399781,0.64
546,0.09613555598258972,0.64
547,0.09613437342643738,0.64
548,0.09613319396972657,0.64
549,0.09613201308250427,0.64
550,0.09613083624839783,0.64
551,0.09612966322898865,0.64
552,0.09612848973274231,0.64
553,0.09612731862068176,0.64
554,0.09612614846229553,0.64
555,0.09612497997283935,0.64
556,0.09612381505966186,0.64
557,0.09612265205383301,0.64
558,0.09612149095535279,0.64
559,0.09612033200263977,0.64
560,0.09611917114257812,0.64
561,0.09611801743507385,0.64
562,0.09611686301231384,0.64
563,0.09611570954322815,0.64
564,0.09611455941200256,0.64
565,0.09611341023445129,0.64
566,0.09611226558685303,0.64
567,0.09611111998558045,0.64
568,0.09610997462272644,0.64
569,0.0961088354587555,0.64
570,0.09610769486427308,0.64
571,0.09610655951499938,0.64
572,0.0961054208278656,0.64
573,0.09610428714752198,0.64
574,0.09610315537452697,0.64
575,0.09610202503204346,0.64
576,0.09610089898109436,0.64
577,0.0960997714996338,0.64
578,0.0960986466407776,0.64
579,0.09609752440452576,0.64
580,0.09609640407562256,0.64
581,0.0960952832698822,0.64
582,0.09609416675567627,0.64
583,0.09609305191040039,0.64
584,0.0960919394493103,0.64
585,0.09609082794189452,0.64
586,0.09608971691131592,0.64
587,0.09608860874176026,0.64
588,0.09608750295639037,0.64
589,0.0960863995552063,0.64
590,0.09608529758453369,0.64
591,0.09608419609069824,0.64
592,0.09608309864997863,0.64
593,0.0960820016860962,0.64
594,0.09608090686798096,0.64
595,0.09607981157302857,0.64
596,0.09607872009277343,0.64
597,0.09607763123512268,0.64
598,0.09607654285430908,0.64
599,0.09607545828819275,0.64
600,0.09607437205314637,0.64
601,0.0960732913017273,0.64
602,0.09607220888137817,0.64
603,0.09607113099098205,0.64
604,0.0960700557231903,0.64
605,0.09606897902488709,0.64
606,0.09606790542602539,0.64
607,0.09606683588027955,0.64
608,0.09606576418876647,0.64
609,0.09606469655036927,0.64
610,0.09606362891197205,0.64
611,0.09606256675720215,0.64
612,0.09606150460243225,0.64
613,0.09606044363975524,0.64
614,0.09605938291549683,0.64
615,0.0960583245754242,0.64
616,0.09605726981163025,0.64
617,0.09605621480941773,0.64
618,0.0960551643371582,0.64
619,0.09605411338806152,0.64
620,0.09605306577682494,0.64
621,0.09605201768875123,0.64
622,0.09605097222328186,0.64
623,0.09604992985725402,0.64
624,0.0960488874912262,0.64
625,0.09604784655570985,0.64
626,0.09604680943489075,0.64
627,0.09604577326774597,0.64
628,0.0960447371006012,0.64
629,0.09604370665550233,0.64
630,0.09604267191886902,0.64
631,0.09604164242744445,0.64
632,0.09604061579704284,0.64
633,0.09603958988189697,0.64
634,0.09603856468200683,0.64
635,0.09603754258155822,0.64
636,0.09603651976585388,0.64
637,0.09603550291061401,0.64
638,0.09603448247909546,0.64
639,0.09603346705436706,0.64
640,0.09603245234489441,0.64
641,0.09603144073486328,0.64
642,0.09603042864799499,0.64
643,0.0960294189453125,0.64
644,0.09602841138839721,0.64
645,0.09602740597724914,0.64
646,0.09602640151977539,0.64
647,0.09602539801597595,0.64
648,0.09602439665794373,0.64
649,0.09602339744567871,0.64
650,0.0960223994255066,0.64
651,0.09602140235900879,0.64
652,0.0960204074382782,0.64
653,0.09601941537857056,0.64
654,0.09601842284202576,0.64
655,0.09601743412017823,0.64
656,0.0960164453983307,0.64
657,0.09601545906066894,0.64
658,0.09601447176933288,0.64
659,0.0960134904384613,0.64
660,0.09601250648498535,0.64
661,0.09601152801513672,0.64
662,0.09601054859161377,0.64
663,0.09600957083702087,0.64
664,0.09600859570503235,0.64
665,0.09600762248039246,0.64
666,0.09600665020942688,0.64
667,0.09600567936897278,0.64
668,0.09600470876693726,0.64
669,0.09600374102592468,0.64
670,0.0960027768611908,0.64
671,0.09600181126594544,0.64
672,0.09600084805488586,0.64
673,0.09599988579750061,0.64
674,0.09599892663955688,0.64
675,0.09599796795845032,0.64
676,0.09599700999259948,0.64
677,0.09599605584144592,0.64
678,0.0959951012134552,0.64
679,0.09599414992332458,0.64
680,0.09599319696426392,0.64
681,0.09599224686622619,0.64
682,0.09599130010604859,0.64
683,0.09599035549163819,0.64
684,0.09598940801620483,0.64
685,0.0959884638786316,0.64
686,0.09598752236366272,0.64
687,0.09598658394813538,0.64
688,0.09598564457893372,0.64
689,0.09598470568656921,0.64
690,0.09598376965522766,0.64
691,0.09598283338546752,0.64
692,0.09598189973831177,0.64
693,0.0959809684753418,0.64
694,0.09598003840446472,0.64
695,0.09597910976409912,0.64
696,0.09597818064689637,0.64
697,0.09597725558280945,0.64
698,0.09597632932662964,0.64
699,0.09597540855407714,0.64
700,0.09597448492050172,0.64
701,0.09597356367111207,0.64
702,0.0959726459980011,0.64
703,0.09597172808647156,0.64
704,0.09597081351280212,0.64
705,0.09596989631652832,0.64
706,0.09596898174285888,0.64
707,0.09596807169914245,0.64
708,0.09596716117858886,0.64
709,0.0959662504196167,0.64
710,0.09596534323692321,0.64
711,0.095964435338974,0.64
712,0.09596353077888489,0.64
713,0.09596262693405151,0.64
714,0.09596172261238098,0.64
715,0.09596082186698913,0.64
716,0.09595992422103881,0.64
717,0.09595902252197265,0.64
718,0.09595812797546387,0.64
719,0.09595723009109497,0.64
720,0.09595633506774902,0.64
721,0.09595544219017028,0.64
722,0.09595454955101013,0.64
723,0.09595365691184997,0.64
724,0.0959527690410614,0.64
725,0.0959518802165985,0.64
726,0.09595099425315858,0.64
727,0.09595010709762573,0.64
728,0.09594922518730163,0.64
729,0.0959483413696289,0.64
730,0.0959474585056305,0.64
731,0.09594657826423646,0.64
732,0.09594569873809815,0.64
733,0.09594482016563416,0.64
734,0.09594394493103027,0.64
735,0.09594306755065918,0.64
736,0.09594219374656678,0.64
737,0.09594131970405578,0.64
738,0.09594044876098633,0.64
739,0.09593957710266113,0.64
740,0.09593870663642884,0.64
741,0.09593783712387086,0.64
742,0.09593697190284729,0.64
743,0.09593610572814941,0.64
744,0.09593524026870727,0.64
745,0.09593437623977662,0.64
746,0.09593351483345032,0.64
747,0.0959326536655426,0.64
748,0.09593179416656494,0.64
749,0.0959309344291687,0.64
750,0.09593007779121399,0.64
751,0.09592921900749206,0.64
752,0.09592836403846741,0.64
753,0.09592750978469848,0.64
754,0.0959266574382782,0.64
755,0.09592580652236939,0.64
756,0.09592495560646057,0.64
757,0.09592410469055176,0.64
758,0.09592325639724732,0.64
759,0.09592240810394287,0.64
760,0.09592156147956848,0.64
761,0.09592071676254273,0.64
762,0.09591987371444702,0.64
763,0.09591903042793273,0.64
764,0.09591818761825562,0.64
765,0.09591734838485717,0.64
766,0.0959165072441101,0.64
767,0.09591566848754883,0.64
768,0.09591483044624328,0.64
769,0.09591399359703064,0.64
770,0.09591315817832947,0.64
771,0.0959123239517212,0.64
772,0.09591149020195007,0.64
773,0.09591065883636475,0.64
774,0.09590982604026795,0.64
775,0.09590899682044983,0.64
776,0.09590816807746887,0.64
777,0.09590734052658081,0.64
778,0.09590651154518127,0.64
779,0.09590568661689758,0.64
780,0.09590486073493958,0.64
781,0.0959040355682373,0.64
782,0.09590321350097657,0.64
783,0.09590238976478577,0.64
784,0.09590156984329223,0.64
785,0.09590075063705444,0.64
786,0.09589993095397949,0.64
787,0.0958991129398346,0.64
788,0.09589829540252685,0.64
789,0.09589747905731201,0.64
790,0.09589666223526001,0.64
791,0.09589584803581237,0.64
792,0.09589503598213196,0.64
793,0.09589422273635864,0.64
794,0.09589341211318969,0.64
795,0.09589259958267211,0.64
796,0.09589179182052612,0.64
797,0.09589098238945007,0.64
798,0.09589017462730408,0.64
799,0.0958893678188324,0.64
800,0.09588856196403503,0.64
801,0.09588775587081909,0.64
802,0.09588695430755616,0.64
803,0.09588614821434022,0.64
804,0.09588534593582153,0.64
805,0.09588454627990722,0.64
806,0.09588374495506287,0.64
807,0.0958829436302185,0.64
808,0.09588214635848999,0.64
809,0.09588134932518005,0.64
810,0.09588055109977722,0.64
811,0.09587975502014161,0.64
812,0.09587895894050598,0.64
813,0.09587816596031189,0.64
814,0.09587737107276917,0.64
815,0.09587657833099365,0.64
816,0.09587578749656678,0.64
817,0.09587499642372131,0.64
818,0.09587420439720154,0.64
819,0.09587341451644897,0.64
820,0.09587262630462647,0.64
821,0.09587183785438537,0.64
822,0.09587105107307434,0.64
823,0.09587026476860046,0.64
824,0.09586947965621949,0.64
825,0.09586869502067566,0.64
826,0.09586791133880615,0.64
827,0.09586712765693664,0.64
828,0.09586634516716003,0.64
829,0.09586556553840637,0.64
830,0.09586478209495544,0.64
831,0.09586400127410889,0.64
832,0.09586322498321533,0.64
833,0.09586244320869446,0.64
834,0.09586166763305665,0.64
835,0.0958608901500702,0.64
836,0.09586011290550232,0.64
837,0.09585933709144592,0.64
838,0.09585856294631959,0.64
839,0.09585778784751892,0.64
840,0.09585701441764831,0.64
841,0.09585624146461487,0.64
842,0.09585546946525574,0.64
843,0.0958546974658966,0.64
844,0.09585392808914185,0.64
845,0.09585315871238709,0.64
846,0.09585238981246948,0.64
847,0.09585161900520325,0.64
848,0.09585085368156433,0.64
849,0.09585008502006531,0.64
850,0.09584931755065917,0.64
851,0.09584855151176452,0.64
852,0.09584778594970703,0.64
853,0.09584702205657959,0.64
854,0.09584625887870789,0.64
855,0.0958454966545105,0.64
856,0.09584473252296448,0.64
857,0.09584397315979004,0.64
858,0.09584321188926696,0.64
859,0.09584244918823243,0.64
860,0.09584168767929077,0.64
861,0.09584093189239502,0.64
862,0.09584017324447631,0.64
863,0.09583941340446472,0.64
864,0.09583865904808045,0.64
865,0.09583789944648742,0.64
866,0.09583714365959167,0.64
867,0.09583638882637024,0.64
868,0.0958356339931488,0.64
869,0.09583487844467163,0.64
870,0.09583412456512451,0.64
871,0.0958333728313446,0.64
872,0.09583262014389038,0.64
873,0.09583186769485473,0.64
874,0.09583111572265625,0.64
875,0.09583036589622497,0.64
876,0.09582961440086364,0.64
877,0.09582886624336243,0.64
878,0.09582811522483825,0.64
879,0.09582736754417419,0.64
880,0.09582662010192872,0.64
881,0.09582587504386902,0.64
882,0.09582512640953064,0.64
883,0.09582438039779663,0.64
884,0.09582363462448121,0.64
885,0.09582288956642152,0.64
886,0.0958221457004547,0.64
887,0.0958214008808136,0.64
888,0.09582065796852111,0.64
889,0.09581991553306579,0.64
890,0.09581917357444764,0.64
891,0.09581843113899231,0.64
892,0.09581769037246704,0.64
893,0.09581695103645324,0.64
894,0.09581621026992798,0.64
895,0.09581547141075135,0.64
896,0.0958147315979004,0.64
897,0.09581399488449097,0.64
898,0.09581325602531433,0.64
899,0.0958125183582306,0.64
900,0.09581178164482117,0.64
901,0.0958110466003418,0.64
902,0.09581031107902527,0.64
903,0.09580957508087158,0.64
904,0.09580884099006653,0.64
905,0.0958081078529358,0.64
906,0.09580737495422363,0.64
907,0.09580664134025574,0.64
908,0.09580590772628785,0.64
909,0.09580517792701722,0.64
910,0.09580444622039795,0.64
911,0.09580371570587158,0.64
912,0.09580298519134521,0.64
913,0.09580225777626038,0.64
914,0.09580152821540833,0.64
915,0.095800799369812,0.64
916,0.09580007290840149,0.64
917,0.09579934525489807,0.64
918,0.09579861688613892,0.64
919,0.09579789233207703,0.64
920,0.09579716682434082,0.64
921,0.09579644060134887,0.64
922,0.09579571747779846,0.64
923,0.09579499340057374,0.64
924,0.0957942705154419,0.64
925,0.09579354810714721,0.64
926,0.09579282522201538,0.64
927,0.09579210448265076,0.64
928,0.09579138374328613,0.64
929,0.09579066324234009,0.64
930,0.09578994345664978,0.64
931,0.0957892243862152,0.64
932,0.0957885057926178,0.64
933,0.09578778886795045,0.64
934,0.09578707075119018,0.64
935,0.09578635501861572,0.64
936,0.0957856388092041,0.64
937,0.09578492188453674,0.64
938,0.09578420734405517,0.64
939,0.09578349351882935,0.64
940,0.09578277969360352,0.64
941,0.09578206706047059,0.64
942,0.09578135442733765,0.64
943,0.09578064298629761,0.64
944,0.09577993059158325,0.64
945,0.09577922224998474,0.64
946,0.09577851152420044,0.64
947,0.09577780270576478,0.64
948,0.09577709484100341,0.64
949,0.09577638554573059,0.64
950,0.09577567982673645,0.64
951,0.09577497172355652,0.64
952,0.09577426743507385,0.64
953,0.09577356100082397,0.64
954,0.095772855758667,0.64
955,0.09577215385437012,0.64
956,0.09577145051956176,0.64
957,0.09577074718475342,0.64
958,0.09577004599571227,0.64
959,0.09576934432983399,0.64
960,0.0957686424255371,0.64
961,0.09576794481277466,0.64
962,0.09576724410057068,0.64
963,0.09576654601097107,0.64
964,0.09576585102081299,0.64
965,0.0957651538848877,0.64
966,0.0957644567489624,0.64
967,0.09576376247406006,0.64
968,0.09576306748390198,0.64
969,0.09576237058639527,0.64
970,0.09576167964935303,0.64
971,0.09576098704338074,0.64
972,0.09576029467582703,0.64
973,0.09575960493087768,0.64
974,0.09575891351699829,0.64
975,0.095758225440979,0.64
976,0.0957575364112854,0.64
977,0.09575684642791749,0.64
978,0.09575616002082825,0.64
979,0.09575547194480896,0.64
980,0.09575478839874267,0.64
981,0.09575410103797913,0.64
982,0.09575341773033143,0.64
983,0.09575273418426514,0.64
984,0.09575205039978027,0.64
985,0.09575137042999268,0.64
986,0.09575068902969361,0.64
987,0.09575000762939453,0.64
988,0.0957493290901184,0.64
989,0.09574865174293518,0.64
990,0.09574797248840332,0.64
991,0.09574729466438293,0.64
992,0.0957466185092926,0.64
993,0.09574594235420227,0.64
994,0.09574526715278625,0.64
995,0.09574459433555603,0.64
996,0.09574391937255859,0.64
997,0.09574324893951416,0.64
998,0.09574257636070252,0.64
999,0.09574190521240235,0.64
